origin_date,target,horizon,location,output_type,output_type_id,target_end_date,value
2016-03-12,ili perc,1,HHS Region 1,quantile,0.01,2016-03-19,1.3642627290913378
2016-03-12,ili perc,1,HHS Region 1,quantile,0.025,2016-03-19,1.5082730106408435
2016-03-12,ili perc,1,HHS Region 1,quantile,0.05,2016-03-19,1.6762388433927111
2016-03-12,ili perc,1,HHS Region 1,quantile,0.1,2016-03-19,1.8179723755953467
2016-03-12,ili perc,1,HHS Region 1,quantile,0.15,2016-03-19,1.9155292399327837
2016-03-12,ili perc,1,HHS Region 1,quantile,0.2,2016-03-19,1.986929986670993
2016-03-12,ili perc,1,HHS Region 1,quantile,0.25,2016-03-19,2.0458400289787764
2016-03-12,ili perc,1,HHS Region 1,quantile,0.3,2016-03-19,2.1021646042647797
2016-03-12,ili perc,1,HHS Region 1,quantile,0.35,2016-03-19,2.142673062263792
2016-03-12,ili perc,1,HHS Region 1,quantile,0.4,2016-03-19,2.1868682073971253
2016-03-12,ili perc,1,HHS Region 1,quantile,0.45,2016-03-19,2.22582610285086
2016-03-12,ili perc,1,HHS Region 1,quantile,0.5,2016-03-19,2.2682208653714167
2016-03-12,ili perc,1,HHS Region 1,quantile,0.55,2016-03-19,2.3145956194136135
2016-03-12,ili perc,1,HHS Region 1,quantile,0.6,2016-03-19,2.3576702602235677
2016-03-12,ili perc,1,HHS Region 1,quantile,0.65,2016-03-19,2.4124881963255924
2016-03-12,ili perc,1,HHS Region 1,quantile,0.7,2016-03-19,2.464953412907249
2016-03-12,ili perc,1,HHS Region 1,quantile,0.75,2016-03-19,2.517606964706833
2016-03-12,ili perc,1,HHS Region 1,quantile,0.8,2016-03-19,2.589838315221786
2016-03-12,ili perc,1,HHS Region 1,quantile,0.85,2016-03-19,2.696712996426356
2016-03-12,ili perc,1,HHS Region 1,quantile,0.9,2016-03-19,2.8332840048098147
2016-03-12,ili perc,1,HHS Region 1,quantile,0.95,2016-03-19,3.070799807436436
2016-03-12,ili perc,1,HHS Region 1,quantile,0.975,2016-03-19,3.4266222121590997
2016-03-12,ili perc,1,HHS Region 1,quantile,0.99,2016-03-19,4.700951923931948
2016-03-12,ili perc,2,HHS Region 1,quantile,0.01,2016-03-26,1.060372067879007
2016-03-12,ili perc,2,HHS Region 1,quantile,0.025,2016-03-26,1.209992231898346
2016-03-12,ili perc,2,HHS Region 1,quantile,0.05,2016-03-26,1.3582424331866136
2016-03-12,ili perc,2,HHS Region 1,quantile,0.1,2016-03-26,1.5395060013893227
2016-03-12,ili perc,2,HHS Region 1,quantile,0.15,2016-03-26,1.636862964242318
2016-03-12,ili perc,2,HHS Region 1,quantile,0.2,2016-03-26,1.7385909659689935
2016-03-12,ili perc,2,HHS Region 1,quantile,0.25,2016-03-26,1.8123804760159428
2016-03-12,ili perc,2,HHS Region 1,quantile,0.3,2016-03-26,1.8822576946089211
2016-03-12,ili perc,2,HHS Region 1,quantile,0.35,2016-03-26,1.951104251612975
2016-03-12,ili perc,2,HHS Region 1,quantile,0.4,2016-03-26,2.010674932330979
2016-03-12,ili perc,2,HHS Region 1,quantile,0.45,2016-03-26,2.0726987508335895
2016-03-12,ili perc,2,HHS Region 1,quantile,0.5,2016-03-26,2.134927514146917
2016-03-12,ili perc,2,HHS Region 1,quantile,0.55,2016-03-26,2.193834186201552
2016-03-12,ili perc,2,HHS Region 1,quantile,0.6,2016-03-26,2.2570170828014877
2016-03-12,ili perc,2,HHS Region 1,quantile,0.65,2016-03-26,2.334187406248343
2016-03-12,ili perc,2,HHS Region 1,quantile,0.7,2016-03-26,2.4096998887830834
2016-03-12,ili perc,2,HHS Region 1,quantile,0.75,2016-03-26,2.5014401622204168
2016-03-12,ili perc,2,HHS Region 1,quantile,0.8,2016-03-26,2.6140371494681176
2016-03-12,ili perc,2,HHS Region 1,quantile,0.85,2016-03-26,2.7450654946139155
2016-03-12,ili perc,2,HHS Region 1,quantile,0.9,2016-03-26,2.920167251900552
2016-03-12,ili perc,2,HHS Region 1,quantile,0.95,2016-03-26,3.347926307277623
2016-03-12,ili perc,2,HHS Region 1,quantile,0.975,2016-03-26,3.842561090340607
2016-03-12,ili perc,2,HHS Region 1,quantile,0.99,2016-03-26,5.100217117442901
2016-03-12,ili perc,3,HHS Region 1,quantile,0.01,2016-04-02,0.9477406578361144
2016-03-12,ili perc,3,HHS Region 1,quantile,0.025,2016-04-02,1.102229780092786
2016-03-12,ili perc,3,HHS Region 1,quantile,0.05,2016-04-02,1.237371296586019
2016-03-12,ili perc,3,HHS Region 1,quantile,0.1,2016-04-02,1.42569427955274
2016-03-12,ili perc,3,HHS Region 1,quantile,0.15,2016-04-02,1.5488373109386553
2016-03-12,ili perc,3,HHS Region 1,quantile,0.2,2016-04-02,1.6761293529504164
2016-03-12,ili perc,3,HHS Region 1,quantile,0.25,2016-04-02,1.7630698145668828
2016-03-12,ili perc,3,HHS Region 1,quantile,0.3,2016-04-02,1.8482453369728868
2016-03-12,ili perc,3,HHS Region 1,quantile,0.35,2016-04-02,1.9327196022255824
2016-03-12,ili perc,3,HHS Region 1,quantile,0.4,2016-04-02,1.9989610111208815
2016-03-12,ili perc,3,HHS Region 1,quantile,0.45,2016-04-02,2.0720428160462863
2016-03-12,ili perc,3,HHS Region 1,quantile,0.5,2016-04-02,2.1456769164119356
2016-03-12,ili perc,3,HHS Region 1,quantile,0.55,2016-04-02,2.2170714804314517
2016-03-12,ili perc,3,HHS Region 1,quantile,0.6,2016-04-02,2.2996383012010058
2016-03-12,ili perc,3,HHS Region 1,quantile,0.65,2016-04-02,2.384060975025152
2016-03-12,ili perc,3,HHS Region 1,quantile,0.7,2016-04-02,2.478691068591929
2016-03-12,ili perc,3,HHS Region 1,quantile,0.75,2016-04-02,2.5956913461023303
2016-03-12,ili perc,3,HHS Region 1,quantile,0.8,2016-04-02,2.7199836238920763
2016-03-12,ili perc,3,HHS Region 1,quantile,0.85,2016-04-02,2.8832360120955767
2016-03-12,ili perc,3,HHS Region 1,quantile,0.9,2016-04-02,3.124345043562597
2016-03-12,ili perc,3,HHS Region 1,quantile,0.95,2016-04-02,3.5844988673300446
2016-03-12,ili perc,3,HHS Region 1,quantile,0.975,2016-04-02,4.0473924948345354
2016-03-12,ili perc,3,HHS Region 1,quantile,0.99,2016-04-02,5.444327256720983
2016-03-12,ili perc,4,HHS Region 1,quantile,0.01,2016-04-09,0.7800426535844267
2016-03-12,ili perc,4,HHS Region 1,quantile,0.025,2016-04-09,0.954966555978024
2016-03-12,ili perc,4,HHS Region 1,quantile,0.05,2016-04-09,1.1051766953071311
2016-03-12,ili perc,4,HHS Region 1,quantile,0.1,2016-04-09,1.2847564910155695
2016-03-12,ili perc,4,HHS Region 1,quantile,0.15,2016-04-09,1.4208012446450733
2016-03-12,ili perc,4,HHS Region 1,quantile,0.2,2016-04-09,1.5377704519431574
2016-03-12,ili perc,4,HHS Region 1,quantile,0.25,2016-04-09,1.6430419774490863
2016-03-12,ili perc,4,HHS Region 1,quantile,0.3,2016-04-09,1.7356114011722408
2016-03-12,ili perc,4,HHS Region 1,quantile,0.35,2016-04-09,1.8210504666510972
2016-03-12,ili perc,4,HHS Region 1,quantile,0.4,2016-04-09,1.907914517256638
2016-03-12,ili perc,4,HHS Region 1,quantile,0.45,2016-04-09,1.9900729641538573
2016-03-12,ili perc,4,HHS Region 1,quantile,0.5,2016-04-09,2.0763401852480583
2016-03-12,ili perc,4,HHS Region 1,quantile,0.55,2016-04-09,2.1556677765856573
2016-03-12,ili perc,4,HHS Region 1,quantile,0.6,2016-04-09,2.244705218362608
2016-03-12,ili perc,4,HHS Region 1,quantile,0.65,2016-04-09,2.3300069035107405
2016-03-12,ili perc,4,HHS Region 1,quantile,0.7,2016-04-09,2.419634950318451
2016-03-12,ili perc,4,HHS Region 1,quantile,0.75,2016-04-09,2.5330423419562424
2016-03-12,ili perc,4,HHS Region 1,quantile,0.8,2016-04-09,2.6791412357059823
2016-03-12,ili perc,4,HHS Region 1,quantile,0.85,2016-04-09,2.8808101936736046
2016-03-12,ili perc,4,HHS Region 1,quantile,0.9,2016-04-09,3.1223607851035036
2016-03-12,ili perc,4,HHS Region 1,quantile,0.95,2016-04-09,3.552504278998468
2016-03-12,ili perc,4,HHS Region 1,quantile,0.975,2016-04-09,4.147676436980852
2016-03-12,ili perc,4,HHS Region 1,quantile,0.99,2016-04-09,5.62703565660831
2016-03-12,ili perc,1,HHS Region 10,quantile,0.01,2016-03-19,0.7866575244951876
2016-03-12,ili perc,1,HHS Region 10,quantile,0.025,2016-03-19,1.1016592943774326
2016-03-12,ili perc,1,HHS Region 10,quantile,0.05,2016-03-19,1.3079470099079349
2016-03-12,ili perc,1,HHS Region 10,quantile,0.1,2016-03-19,1.4410932159601335
2016-03-12,ili perc,1,HHS Region 10,quantile,0.15,2016-03-19,1.5428178973355116
2016-03-12,ili perc,1,HHS Region 10,quantile,0.2,2016-03-19,1.6323483295482226
2016-03-12,ili perc,1,HHS Region 10,quantile,0.25,2016-03-19,1.7159478880080434
2016-03-12,ili perc,1,HHS Region 10,quantile,0.3,2016-03-19,1.7774718801009974
2016-03-12,ili perc,1,HHS Region 10,quantile,0.35,2016-03-19,1.8464792102574183
2016-03-12,ili perc,1,HHS Region 10,quantile,0.4,2016-03-19,1.9110655942151689
2016-03-12,ili perc,1,HHS Region 10,quantile,0.45,2016-03-19,1.9846922317804967
2016-03-12,ili perc,1,HHS Region 10,quantile,0.5,2016-03-19,2.037498926222214
2016-03-12,ili perc,1,HHS Region 10,quantile,0.55,2016-03-19,2.0976769793113488
2016-03-12,ili perc,1,HHS Region 10,quantile,0.6,2016-03-19,2.1564215570067513
2016-03-12,ili perc,1,HHS Region 10,quantile,0.65,2016-03-19,2.2285308096533925
2016-03-12,ili perc,1,HHS Region 10,quantile,0.7,2016-03-19,2.308060502424406
2016-03-12,ili perc,1,HHS Region 10,quantile,0.75,2016-03-19,2.381615700967366
2016-03-12,ili perc,1,HHS Region 10,quantile,0.8,2016-03-19,2.4724461408984393
2016-03-12,ili perc,1,HHS Region 10,quantile,0.85,2016-03-19,2.602321918144479
2016-03-12,ili perc,1,HHS Region 10,quantile,0.9,2016-03-19,2.801149795294068
2016-03-12,ili perc,1,HHS Region 10,quantile,0.95,2016-03-19,3.1950138816177027
2016-03-12,ili perc,1,HHS Region 10,quantile,0.975,2016-03-19,3.5972493409314086
2016-03-12,ili perc,1,HHS Region 10,quantile,0.99,2016-03-19,5.198977862340303
2016-03-12,ili perc,2,HHS Region 10,quantile,0.01,2016-03-26,0.5553650144712774
2016-03-12,ili perc,2,HHS Region 10,quantile,0.025,2016-03-26,0.8368717068293585
2016-03-12,ili perc,2,HHS Region 10,quantile,0.05,2016-03-26,1.0300701437980904
2016-03-12,ili perc,2,HHS Region 10,quantile,0.1,2016-03-26,1.2247071739650883
2016-03-12,ili perc,2,HHS Region 10,quantile,0.15,2016-03-26,1.3304294138213812
2016-03-12,ili perc,2,HHS Region 10,quantile,0.2,2016-03-26,1.4293198160452458
2016-03-12,ili perc,2,HHS Region 10,quantile,0.25,2016-03-26,1.5161436647582514
2016-03-12,ili perc,2,HHS Region 10,quantile,0.3,2016-03-26,1.5962989176088598
2016-03-12,ili perc,2,HHS Region 10,quantile,0.35,2016-03-26,1.6791375204585446
2016-03-12,ili perc,2,HHS Region 10,quantile,0.4,2016-03-26,1.7549076193232789
2016-03-12,ili perc,2,HHS Region 10,quantile,0.45,2016-03-26,1.829066916172843
2016-03-12,ili perc,2,HHS Region 10,quantile,0.5,2016-03-26,1.906465374634409
2016-03-12,ili perc,2,HHS Region 10,quantile,0.55,2016-03-26,1.975569652551472
2016-03-12,ili perc,2,HHS Region 10,quantile,0.6,2016-03-26,2.0659996594097403
2016-03-12,ili perc,2,HHS Region 10,quantile,0.65,2016-03-26,2.1550704650383072
2016-03-12,ili perc,2,HHS Region 10,quantile,0.7,2016-03-26,2.258209256018132
2016-03-12,ili perc,2,HHS Region 10,quantile,0.75,2016-03-26,2.3597650175347096
2016-03-12,ili perc,2,HHS Region 10,quantile,0.8,2016-03-26,2.50820901785881
2016-03-12,ili perc,2,HHS Region 10,quantile,0.85,2016-03-26,2.686274007969931
2016-03-12,ili perc,2,HHS Region 10,quantile,0.9,2016-03-26,2.990801842195466
2016-03-12,ili perc,2,HHS Region 10,quantile,0.95,2016-03-26,3.415607439005498
2016-03-12,ili perc,2,HHS Region 10,quantile,0.975,2016-03-26,3.949354751239443
2016-03-12,ili perc,2,HHS Region 10,quantile,0.99,2016-03-26,5.405553307824029
2016-03-12,ili perc,3,HHS Region 10,quantile,0.01,2016-04-02,0.4544779558641419
2016-03-12,ili perc,3,HHS Region 10,quantile,0.025,2016-04-02,0.7201316541058964
2016-03-12,ili perc,3,HHS Region 10,quantile,0.05,2016-04-02,0.8640270140738059
2016-03-12,ili perc,3,HHS Region 10,quantile,0.1,2016-04-02,1.0827021327630648
2016-03-12,ili perc,3,HHS Region 10,quantile,0.15,2016-04-02,1.2091601552540538
2016-03-12,ili perc,3,HHS Region 10,quantile,0.2,2016-04-02,1.318786397026155
2016-03-12,ili perc,3,HHS Region 10,quantile,0.25,2016-04-02,1.4153653232420855
2016-03-12,ili perc,3,HHS Region 10,quantile,0.3,2016-04-02,1.5030931803872858
2016-03-12,ili perc,3,HHS Region 10,quantile,0.35,2016-04-02,1.6034958981232286
2016-03-12,ili perc,3,HHS Region 10,quantile,0.4,2016-04-02,1.7031447447623476
2016-03-12,ili perc,3,HHS Region 10,quantile,0.45,2016-04-02,1.8022204152849424
2016-03-12,ili perc,3,HHS Region 10,quantile,0.5,2016-04-02,1.9060668663352192
2016-03-12,ili perc,3,HHS Region 10,quantile,0.55,2016-04-02,1.9956419397519296
2016-03-12,ili perc,3,HHS Region 10,quantile,0.6,2016-04-02,2.088942409169658
2016-03-12,ili perc,3,HHS Region 10,quantile,0.65,2016-04-02,2.190575415172093
2016-03-12,ili perc,3,HHS Region 10,quantile,0.7,2016-04-02,2.320999275620809
2016-03-12,ili perc,3,HHS Region 10,quantile,0.75,2016-04-02,2.477574666220372
2016-03-12,ili perc,3,HHS Region 10,quantile,0.8,2016-04-02,2.6341287767553903
2016-03-12,ili perc,3,HHS Region 10,quantile,0.85,2016-04-02,2.848558973199101
2016-03-12,ili perc,3,HHS Region 10,quantile,0.9,2016-04-02,3.1292020040104847
2016-03-12,ili perc,3,HHS Region 10,quantile,0.95,2016-04-02,3.766326156326196
2016-03-12,ili perc,3,HHS Region 10,quantile,0.975,2016-04-02,4.460847365570206
2016-03-12,ili perc,3,HHS Region 10,quantile,0.99,2016-04-02,6.270857425886073
2016-03-12,ili perc,4,HHS Region 10,quantile,0.01,2016-04-09,0.3349436976711184
2016-03-12,ili perc,4,HHS Region 10,quantile,0.025,2016-04-09,0.509701301384024
2016-03-12,ili perc,4,HHS Region 10,quantile,0.05,2016-04-09,0.6959083733434397
2016-03-12,ili perc,4,HHS Region 10,quantile,0.1,2016-04-09,0.8832713816961686
2016-03-12,ili perc,4,HHS Region 10,quantile,0.15,2016-04-09,1.0187016889117069
2016-03-12,ili perc,4,HHS Region 10,quantile,0.2,2016-04-09,1.1500944566966214
2016-03-12,ili perc,4,HHS Region 10,quantile,0.25,2016-04-09,1.2578661504329256
2016-03-12,ili perc,4,HHS Region 10,quantile,0.3,2016-04-09,1.3654527211432284
2016-03-12,ili perc,4,HHS Region 10,quantile,0.35,2016-04-09,1.4484662891438718
2016-03-12,ili perc,4,HHS Region 10,quantile,0.4,2016-04-09,1.533819247109421
2016-03-12,ili perc,4,HHS Region 10,quantile,0.45,2016-04-09,1.623206698383684
2016-03-12,ili perc,4,HHS Region 10,quantile,0.5,2016-04-09,1.721947909931444
2016-03-12,ili perc,4,HHS Region 10,quantile,0.55,2016-04-09,1.8295834396788704
2016-03-12,ili perc,4,HHS Region 10,quantile,0.6,2016-04-09,1.961679343647044
2016-03-12,ili perc,4,HHS Region 10,quantile,0.65,2016-04-09,2.082213770082854
2016-03-12,ili perc,4,HHS Region 10,quantile,0.7,2016-04-09,2.2131803587918832
2016-03-12,ili perc,4,HHS Region 10,quantile,0.75,2016-04-09,2.4189071261680963
2016-03-12,ili perc,4,HHS Region 10,quantile,0.8,2016-04-09,2.6182390429697975
2016-03-12,ili perc,4,HHS Region 10,quantile,0.85,2016-04-09,2.867037849580286
2016-03-12,ili perc,4,HHS Region 10,quantile,0.9,2016-04-09,3.1726006983801867
2016-03-12,ili perc,4,HHS Region 10,quantile,0.95,2016-04-09,3.9023003199442288
2016-03-12,ili perc,4,HHS Region 10,quantile,0.975,2016-04-09,4.880253499049494
2016-03-12,ili perc,4,HHS Region 10,quantile,0.99,2016-04-09,7.01999511815697
2016-03-12,ili perc,1,HHS Region 2,quantile,0.01,2016-03-19,2.541712329868928
2016-03-12,ili perc,1,HHS Region 2,quantile,0.025,2016-03-19,2.8665255857156287
2016-03-12,ili perc,1,HHS Region 2,quantile,0.05,2016-03-19,3.0786027178098845
2016-03-12,ili perc,1,HHS Region 2,quantile,0.1,2016-03-19,3.2738935901444113
2016-03-12,ili perc,1,HHS Region 2,quantile,0.15,2016-03-19,3.4001531023071143
2016-03-12,ili perc,1,HHS Region 2,quantile,0.2,2016-03-19,3.495398453300535
2016-03-12,ili perc,1,HHS Region 2,quantile,0.25,2016-03-19,3.5731067383974464
2016-03-12,ili perc,1,HHS Region 2,quantile,0.3,2016-03-19,3.646146242096297
2016-03-12,ili perc,1,HHS Region 2,quantile,0.35,2016-03-19,3.7330451291022047
2016-03-12,ili perc,1,HHS Region 2,quantile,0.4,2016-03-19,3.798991094193144
2016-03-12,ili perc,1,HHS Region 2,quantile,0.45,2016-03-19,3.8633130327419702
2016-03-12,ili perc,1,HHS Region 2,quantile,0.5,2016-03-19,3.922562552692128
2016-03-12,ili perc,1,HHS Region 2,quantile,0.55,2016-03-19,3.98592789138136
2016-03-12,ili perc,1,HHS Region 2,quantile,0.6,2016-03-19,4.047542970315009
2016-03-12,ili perc,1,HHS Region 2,quantile,0.65,2016-03-19,4.129016651099863
2016-03-12,ili perc,1,HHS Region 2,quantile,0.7,2016-03-19,4.2100072994223305
2016-03-12,ili perc,1,HHS Region 2,quantile,0.75,2016-03-19,4.299806101869226
2016-03-12,ili perc,1,HHS Region 2,quantile,0.8,2016-03-19,4.392259188337503
2016-03-12,ili perc,1,HHS Region 2,quantile,0.85,2016-03-19,4.500794004146964
2016-03-12,ili perc,1,HHS Region 2,quantile,0.9,2016-03-19,4.667977855110295
2016-03-12,ili perc,1,HHS Region 2,quantile,0.95,2016-03-19,4.9861849329887855
2016-03-12,ili perc,1,HHS Region 2,quantile,0.975,2016-03-19,5.433115996346545
2016-03-12,ili perc,1,HHS Region 2,quantile,0.99,2016-03-19,6.032556735302995
2016-03-12,ili perc,2,HHS Region 2,quantile,0.01,2016-03-26,1.980754062602582
2016-03-12,ili perc,2,HHS Region 2,quantile,0.025,2016-03-26,2.24602622493106
2016-03-12,ili perc,2,HHS Region 2,quantile,0.05,2016-03-26,2.4563045366834833
2016-03-12,ili perc,2,HHS Region 2,quantile,0.1,2016-03-26,2.7299832135934934
2016-03-12,ili perc,2,HHS Region 2,quantile,0.15,2016-03-26,2.892969538636062
2016-03-12,ili perc,2,HHS Region 2,quantile,0.2,2016-03-26,3.03374691706896
2016-03-12,ili perc,2,HHS Region 2,quantile,0.25,2016-03-26,3.160417744708643
2016-03-12,ili perc,2,HHS Region 2,quantile,0.3,2016-03-26,3.2742662682115062
2016-03-12,ili perc,2,HHS Region 2,quantile,0.35,2016-03-26,3.3831077467336637
2016-03-12,ili perc,2,HHS Region 2,quantile,0.4,2016-03-26,3.4858320436098307
2016-03-12,ili perc,2,HHS Region 2,quantile,0.45,2016-03-26,3.5853087606536485
2016-03-12,ili perc,2,HHS Region 2,quantile,0.5,2016-03-26,3.675697663250523
2016-03-12,ili perc,2,HHS Region 2,quantile,0.55,2016-03-26,3.7631828238763414
2016-03-12,ili perc,2,HHS Region 2,quantile,0.6,2016-03-26,3.8649961880808177
2016-03-12,ili perc,2,HHS Region 2,quantile,0.65,2016-03-26,3.971374348059646
2016-03-12,ili perc,2,HHS Region 2,quantile,0.7,2016-03-26,4.084232687004542
2016-03-12,ili perc,2,HHS Region 2,quantile,0.75,2016-03-26,4.216953373142413
2016-03-12,ili perc,2,HHS Region 2,quantile,0.8,2016-03-26,4.369536580091909
2016-03-12,ili perc,2,HHS Region 2,quantile,0.85,2016-03-26,4.554660551293903
2016-03-12,ili perc,2,HHS Region 2,quantile,0.9,2016-03-26,4.789181163057663
2016-03-12,ili perc,2,HHS Region 2,quantile,0.95,2016-03-26,5.242771979825913
2016-03-12,ili perc,2,HHS Region 2,quantile,0.975,2016-03-26,5.716018735142949
2016-03-12,ili perc,2,HHS Region 2,quantile,0.99,2016-03-26,6.503760557025633
2016-03-12,ili perc,3,HHS Region 2,quantile,0.01,2016-04-02,1.8262130202513625
2016-03-12,ili perc,3,HHS Region 2,quantile,0.025,2016-04-02,2.018541308042165
2016-03-12,ili perc,3,HHS Region 2,quantile,0.05,2016-04-02,2.234107714486294
2016-03-12,ili perc,3,HHS Region 2,quantile,0.1,2016-04-02,2.506115110901219
2016-03-12,ili perc,3,HHS Region 2,quantile,0.15,2016-04-02,2.6912887080902093
2016-03-12,ili perc,3,HHS Region 2,quantile,0.2,2016-04-02,2.8566838908855585
2016-03-12,ili perc,3,HHS Region 2,quantile,0.25,2016-04-02,2.9974627395402353
2016-03-12,ili perc,3,HHS Region 2,quantile,0.3,2016-04-02,3.1027083929656043
2016-03-12,ili perc,3,HHS Region 2,quantile,0.35,2016-04-02,3.212131932173546
2016-03-12,ili perc,3,HHS Region 2,quantile,0.4,2016-04-02,3.3034251635647047
2016-03-12,ili perc,3,HHS Region 2,quantile,0.45,2016-04-02,3.4064413607001405
2016-03-12,ili perc,3,HHS Region 2,quantile,0.5,2016-04-02,3.5036287625837432
2016-03-12,ili perc,3,HHS Region 2,quantile,0.55,2016-04-02,3.609456354110627
2016-03-12,ili perc,3,HHS Region 2,quantile,0.6,2016-04-02,3.733891778164788
2016-03-12,ili perc,3,HHS Region 2,quantile,0.65,2016-04-02,3.880863188197633
2016-03-12,ili perc,3,HHS Region 2,quantile,0.7,2016-04-02,4.009892537714499
2016-03-12,ili perc,3,HHS Region 2,quantile,0.75,2016-04-02,4.140362649872187
2016-03-12,ili perc,3,HHS Region 2,quantile,0.8,2016-04-02,4.28766132502541
2016-03-12,ili perc,3,HHS Region 2,quantile,0.85,2016-04-02,4.511349655707448
2016-03-12,ili perc,3,HHS Region 2,quantile,0.9,2016-04-02,4.763245233074186
2016-03-12,ili perc,3,HHS Region 2,quantile,0.95,2016-04-02,5.266363998475122
2016-03-12,ili perc,3,HHS Region 2,quantile,0.975,2016-04-02,5.732227558617205
2016-03-12,ili perc,3,HHS Region 2,quantile,0.99,2016-04-02,6.562720909440017
2016-03-12,ili perc,4,HHS Region 2,quantile,0.01,2016-04-09,1.552605484839678
2016-03-12,ili perc,4,HHS Region 2,quantile,0.025,2016-04-09,1.7499910522504474
2016-03-12,ili perc,4,HHS Region 2,quantile,0.05,2016-04-09,1.9380815951274617
2016-03-12,ili perc,4,HHS Region 2,quantile,0.1,2016-04-09,2.2213177691893287
2016-03-12,ili perc,4,HHS Region 2,quantile,0.15,2016-04-09,2.3875847408175717
2016-03-12,ili perc,4,HHS Region 2,quantile,0.2,2016-04-09,2.5372439354170786
2016-03-12,ili perc,4,HHS Region 2,quantile,0.25,2016-04-09,2.669200788371864
2016-03-12,ili perc,4,HHS Region 2,quantile,0.3,2016-04-09,2.7995240499428
2016-03-12,ili perc,4,HHS Region 2,quantile,0.35,2016-04-09,2.917807302623747
2016-03-12,ili perc,4,HHS Region 2,quantile,0.4,2016-04-09,3.0159928814470756
2016-03-12,ili perc,4,HHS Region 2,quantile,0.45,2016-04-09,3.1354154060065405
2016-03-12,ili perc,4,HHS Region 2,quantile,0.5,2016-04-09,3.227567120274343
2016-03-12,ili perc,4,HHS Region 2,quantile,0.55,2016-04-09,3.3354645660796933
2016-03-12,ili perc,4,HHS Region 2,quantile,0.6,2016-04-09,3.4385564991107924
2016-03-12,ili perc,4,HHS Region 2,quantile,0.65,2016-04-09,3.560986046323664
2016-03-12,ili perc,4,HHS Region 2,quantile,0.7,2016-04-09,3.697765999842341
2016-03-12,ili perc,4,HHS Region 2,quantile,0.75,2016-04-09,3.866262420550907
2016-03-12,ili perc,4,HHS Region 2,quantile,0.8,2016-04-09,4.059960226808914
2016-03-12,ili perc,4,HHS Region 2,quantile,0.85,2016-04-09,4.255648559421419
2016-03-12,ili perc,4,HHS Region 2,quantile,0.9,2016-04-09,4.5323347821271085
2016-03-12,ili perc,4,HHS Region 2,quantile,0.95,2016-04-09,5.0698279860809405
2016-03-12,ili perc,4,HHS Region 2,quantile,0.975,2016-04-09,5.501247920472825
2016-03-12,ili perc,4,HHS Region 2,quantile,0.99,2016-04-09,6.510990003062369
2016-03-12,ili perc,1,HHS Region 3,quantile,0.01,2016-03-19,2.546596034653547
2016-03-12,ili perc,1,HHS Region 3,quantile,0.025,2016-03-19,2.6881834149281754
2016-03-12,ili perc,1,HHS Region 3,quantile,0.05,2016-03-19,2.8310100625484855
2016-03-12,ili perc,1,HHS Region 3,quantile,0.1,2016-03-19,3.0369798389053684
2016-03-12,ili perc,1,HHS Region 3,quantile,0.15,2016-03-19,3.1352247547152943
2016-03-12,ili perc,1,HHS Region 3,quantile,0.2,2016-03-19,3.207345010049776
2016-03-12,ili perc,1,HHS Region 3,quantile,0.25,2016-03-19,3.2821222184250645
2016-03-12,ili perc,1,HHS Region 3,quantile,0.3,2016-03-19,3.3450707311488928
2016-03-12,ili perc,1,HHS Region 3,quantile,0.35,2016-03-19,3.403467908767174
2016-03-12,ili perc,1,HHS Region 3,quantile,0.4,2016-03-19,3.45519556286659
2016-03-12,ili perc,1,HHS Region 3,quantile,0.45,2016-03-19,3.5086729326642683
2016-03-12,ili perc,1,HHS Region 3,quantile,0.5,2016-03-19,3.5703024639568555
2016-03-12,ili perc,1,HHS Region 3,quantile,0.55,2016-03-19,3.622455222636724
2016-03-12,ili perc,1,HHS Region 3,quantile,0.6,2016-03-19,3.6746063419563657
2016-03-12,ili perc,1,HHS Region 3,quantile,0.65,2016-03-19,3.7327919930871247
2016-03-12,ili perc,1,HHS Region 3,quantile,0.7,2016-03-19,3.785693753197069
2016-03-12,ili perc,1,HHS Region 3,quantile,0.75,2016-03-19,3.876566412338397
2016-03-12,ili perc,1,HHS Region 3,quantile,0.8,2016-03-19,3.9497792449099727
2016-03-12,ili perc,1,HHS Region 3,quantile,0.85,2016-03-19,4.084627960056213
2016-03-12,ili perc,1,HHS Region 3,quantile,0.9,2016-03-19,4.214777792047293
2016-03-12,ili perc,1,HHS Region 3,quantile,0.95,2016-03-19,4.571550714114888
2016-03-12,ili perc,1,HHS Region 3,quantile,0.975,2016-03-19,4.9776221975972845
2016-03-12,ili perc,1,HHS Region 3,quantile,0.99,2016-03-19,5.93649497986726
2016-03-12,ili perc,2,HHS Region 3,quantile,0.01,2016-03-26,2.0602368465514465
2016-03-12,ili perc,2,HHS Region 3,quantile,0.025,2016-03-26,2.2494471418572934
2016-03-12,ili perc,2,HHS Region 3,quantile,0.05,2016-03-26,2.443595626918956
2016-03-12,ili perc,2,HHS Region 3,quantile,0.1,2016-03-26,2.6504769199116343
2016-03-12,ili perc,2,HHS Region 3,quantile,0.15,2016-03-26,2.80647241689613
2016-03-12,ili perc,2,HHS Region 3,quantile,0.2,2016-03-26,2.923640438801647
2016-03-12,ili perc,2,HHS Region 3,quantile,0.25,2016-03-26,3.019170272235777
2016-03-12,ili perc,2,HHS Region 3,quantile,0.3,2016-03-26,3.1100758402011177
2016-03-12,ili perc,2,HHS Region 3,quantile,0.35,2016-03-26,3.187676764693778
2016-03-12,ili perc,2,HHS Region 3,quantile,0.4,2016-03-26,3.2596562991122573
2016-03-12,ili perc,2,HHS Region 3,quantile,0.45,2016-03-26,3.3378254433880885
2016-03-12,ili perc,2,HHS Region 3,quantile,0.5,2016-03-26,3.42265851351991
2016-03-12,ili perc,2,HHS Region 3,quantile,0.55,2016-03-26,3.4941536322945823
2016-03-12,ili perc,2,HHS Region 3,quantile,0.6,2016-03-26,3.5791183221314755
2016-03-12,ili perc,2,HHS Region 3,quantile,0.65,2016-03-26,3.6654411231869064
2016-03-12,ili perc,2,HHS Region 3,quantile,0.7,2016-03-26,3.775698784566999
2016-03-12,ili perc,2,HHS Region 3,quantile,0.75,2016-03-26,3.8973634307135416
2016-03-12,ili perc,2,HHS Region 3,quantile,0.8,2016-03-26,4.015434850971271
2016-03-12,ili perc,2,HHS Region 3,quantile,0.85,2016-03-26,4.169045458474782
2016-03-12,ili perc,2,HHS Region 3,quantile,0.9,2016-03-26,4.398902873302911
2016-03-12,ili perc,2,HHS Region 3,quantile,0.95,2016-03-26,4.87872483789083
2016-03-12,ili perc,2,HHS Region 3,quantile,0.975,2016-03-26,5.249062108578125
2016-03-12,ili perc,2,HHS Region 3,quantile,0.99,2016-03-26,6.173949974408078
2016-03-12,ili perc,3,HHS Region 3,quantile,0.01,2016-04-02,1.7446982131196636
2016-03-12,ili perc,3,HHS Region 3,quantile,0.025,2016-04-02,2.0862260953578207
2016-03-12,ili perc,3,HHS Region 3,quantile,0.05,2016-04-02,2.3092725482267844
2016-03-12,ili perc,3,HHS Region 3,quantile,0.1,2016-04-02,2.5600636473863134
2016-03-12,ili perc,3,HHS Region 3,quantile,0.15,2016-04-02,2.720370381844391
2016-03-12,ili perc,3,HHS Region 3,quantile,0.2,2016-04-02,2.85754222557068
2016-03-12,ili perc,3,HHS Region 3,quantile,0.25,2016-04-02,2.9829568759623957
2016-03-12,ili perc,3,HHS Region 3,quantile,0.3,2016-04-02,3.091865424238772
2016-03-12,ili perc,3,HHS Region 3,quantile,0.35,2016-04-02,3.1920675913296197
2016-03-12,ili perc,3,HHS Region 3,quantile,0.4,2016-04-02,3.281713086339908
2016-03-12,ili perc,3,HHS Region 3,quantile,0.45,2016-04-02,3.371218715348288
2016-03-12,ili perc,3,HHS Region 3,quantile,0.5,2016-04-02,3.477111307189899
2016-03-12,ili perc,3,HHS Region 3,quantile,0.55,2016-04-02,3.5924184878008267
2016-03-12,ili perc,3,HHS Region 3,quantile,0.6,2016-04-02,3.706374996745908
2016-03-12,ili perc,3,HHS Region 3,quantile,0.65,2016-04-02,3.8287588582728658
2016-03-12,ili perc,3,HHS Region 3,quantile,0.7,2016-04-02,3.951059746809878
2016-03-12,ili perc,3,HHS Region 3,quantile,0.75,2016-04-02,4.067364742671906
2016-03-12,ili perc,3,HHS Region 3,quantile,0.8,2016-04-02,4.231309036145263
2016-03-12,ili perc,3,HHS Region 3,quantile,0.85,2016-04-02,4.431226438833728
2016-03-12,ili perc,3,HHS Region 3,quantile,0.9,2016-04-02,4.664258644234478
2016-03-12,ili perc,3,HHS Region 3,quantile,0.95,2016-04-02,5.142999644880642
2016-03-12,ili perc,3,HHS Region 3,quantile,0.975,2016-04-02,5.570429332339208
2016-03-12,ili perc,3,HHS Region 3,quantile,0.99,2016-04-02,6.840431508876742
2016-03-12,ili perc,4,HHS Region 3,quantile,0.01,2016-04-09,1.6666006748215163
2016-03-12,ili perc,4,HHS Region 3,quantile,0.025,2016-04-09,2.012479743588474
2016-03-12,ili perc,4,HHS Region 3,quantile,0.05,2016-04-09,2.2293759930906285
2016-03-12,ili perc,4,HHS Region 3,quantile,0.1,2016-04-09,2.5304371420208285
2016-03-12,ili perc,4,HHS Region 3,quantile,0.15,2016-04-09,2.7008751338853623
2016-03-12,ili perc,4,HHS Region 3,quantile,0.2,2016-04-09,2.8727502044628728
2016-03-12,ili perc,4,HHS Region 3,quantile,0.25,2016-04-09,3.0078727726531143
2016-03-12,ili perc,4,HHS Region 3,quantile,0.3,2016-04-09,3.1307347416150195
2016-03-12,ili perc,4,HHS Region 3,quantile,0.35,2016-04-09,3.236531247624485
2016-03-12,ili perc,4,HHS Region 3,quantile,0.4,2016-04-09,3.3437126176777774
2016-03-12,ili perc,4,HHS Region 3,quantile,0.45,2016-04-09,3.4409179311501092
2016-03-12,ili perc,4,HHS Region 3,quantile,0.5,2016-04-09,3.5347409234774876
2016-03-12,ili perc,4,HHS Region 3,quantile,0.55,2016-04-09,3.623814945757809
2016-03-12,ili perc,4,HHS Region 3,quantile,0.6,2016-04-09,3.728628954478952
2016-03-12,ili perc,4,HHS Region 3,quantile,0.65,2016-04-09,3.8556587482226736
2016-03-12,ili perc,4,HHS Region 3,quantile,0.7,2016-04-09,4.0024895924282715
2016-03-12,ili perc,4,HHS Region 3,quantile,0.75,2016-04-09,4.153157485974253
2016-03-12,ili perc,4,HHS Region 3,quantile,0.8,2016-04-09,4.318970009060339
2016-03-12,ili perc,4,HHS Region 3,quantile,0.85,2016-04-09,4.508386087950446
2016-03-12,ili perc,4,HHS Region 3,quantile,0.9,2016-04-09,4.788181322347625
2016-03-12,ili perc,4,HHS Region 3,quantile,0.95,2016-04-09,5.257978188665368
2016-03-12,ili perc,4,HHS Region 3,quantile,0.975,2016-04-09,5.811115178469502
2016-03-12,ili perc,4,HHS Region 3,quantile,0.99,2016-04-09,7.0117747634870735
2016-03-12,ili perc,1,HHS Region 4,quantile,0.01,2016-03-19,2.2149305272611617
2016-03-12,ili perc,1,HHS Region 4,quantile,0.025,2016-03-19,2.427315353258773
2016-03-12,ili perc,1,HHS Region 4,quantile,0.05,2016-03-19,2.596853028815826
2016-03-12,ili perc,1,HHS Region 4,quantile,0.1,2016-03-19,2.7662105329689104
2016-03-12,ili perc,1,HHS Region 4,quantile,0.15,2016-03-19,2.8820791561666472
2016-03-12,ili perc,1,HHS Region 4,quantile,0.2,2016-03-19,3.0109257994339447
2016-03-12,ili perc,1,HHS Region 4,quantile,0.25,2016-03-19,3.081857620894714
2016-03-12,ili perc,1,HHS Region 4,quantile,0.3,2016-03-19,3.1535431562897456
2016-03-12,ili perc,1,HHS Region 4,quantile,0.35,2016-03-19,3.2069123365376693
2016-03-12,ili perc,1,HHS Region 4,quantile,0.4,2016-03-19,3.2672746443741545
2016-03-12,ili perc,1,HHS Region 4,quantile,0.45,2016-03-19,3.3218953857594737
2016-03-12,ili perc,1,HHS Region 4,quantile,0.5,2016-03-19,3.3923781969858298
2016-03-12,ili perc,1,HHS Region 4,quantile,0.55,2016-03-19,3.454178365428931
2016-03-12,ili perc,1,HHS Region 4,quantile,0.6,2016-03-19,3.510815582599464
2016-03-12,ili perc,1,HHS Region 4,quantile,0.65,2016-03-19,3.5741098783038447
2016-03-12,ili perc,1,HHS Region 4,quantile,0.7,2016-03-19,3.6490193628406833
2016-03-12,ili perc,1,HHS Region 4,quantile,0.75,2016-03-19,3.7391948086631857
2016-03-12,ili perc,1,HHS Region 4,quantile,0.8,2016-03-19,3.8251544380495126
2016-03-12,ili perc,1,HHS Region 4,quantile,0.85,2016-03-19,3.943667407708368
2016-03-12,ili perc,1,HHS Region 4,quantile,0.9,2016-03-19,4.129775785696008
2016-03-12,ili perc,1,HHS Region 4,quantile,0.95,2016-03-19,4.368998352461616
2016-03-12,ili perc,1,HHS Region 4,quantile,0.975,2016-03-19,4.675547550665636
2016-03-12,ili perc,1,HHS Region 4,quantile,0.99,2016-03-19,5.768553072500698
2016-03-12,ili perc,2,HHS Region 4,quantile,0.01,2016-03-26,1.6186969545012175
2016-03-12,ili perc,2,HHS Region 4,quantile,0.025,2016-03-26,1.8340123592426716
2016-03-12,ili perc,2,HHS Region 4,quantile,0.05,2016-03-26,2.0340441834740672
2016-03-12,ili perc,2,HHS Region 4,quantile,0.1,2016-03-26,2.271568971825225
2016-03-12,ili perc,2,HHS Region 4,quantile,0.15,2016-03-26,2.4209640418504814
2016-03-12,ili perc,2,HHS Region 4,quantile,0.2,2016-03-26,2.560180400800811
2016-03-12,ili perc,2,HHS Region 4,quantile,0.25,2016-03-26,2.670032521966378
2016-03-12,ili perc,2,HHS Region 4,quantile,0.3,2016-03-26,2.7716668583108
2016-03-12,ili perc,2,HHS Region 4,quantile,0.35,2016-03-26,2.8609846604866465
2016-03-12,ili perc,2,HHS Region 4,quantile,0.4,2016-03-26,2.95105010018111
2016-03-12,ili perc,2,HHS Region 4,quantile,0.45,2016-03-26,3.0385466567111723
2016-03-12,ili perc,2,HHS Region 4,quantile,0.5,2016-03-26,3.136752306249364
2016-03-12,ili perc,2,HHS Region 4,quantile,0.55,2016-03-26,3.237047425064534
2016-03-12,ili perc,2,HHS Region 4,quantile,0.6,2016-03-26,3.3434892805856133
2016-03-12,ili perc,2,HHS Region 4,quantile,0.65,2016-03-26,3.440294372439968
2016-03-12,ili perc,2,HHS Region 4,quantile,0.7,2016-03-26,3.5475455495269546
2016-03-12,ili perc,2,HHS Region 4,quantile,0.75,2016-03-26,3.671342849195798
2016-03-12,ili perc,2,HHS Region 4,quantile,0.8,2016-03-26,3.826404969287085
2016-03-12,ili perc,2,HHS Region 4,quantile,0.85,2016-03-26,3.98393874639479
2016-03-12,ili perc,2,HHS Region 4,quantile,0.9,2016-03-26,4.234959396558073
2016-03-12,ili perc,2,HHS Region 4,quantile,0.95,2016-03-26,4.642207470956975
2016-03-12,ili perc,2,HHS Region 4,quantile,0.975,2016-03-26,5.173278140243559
2016-03-12,ili perc,2,HHS Region 4,quantile,0.99,2016-03-26,6.368306536798462
2016-03-12,ili perc,3,HHS Region 4,quantile,0.01,2016-04-02,1.309186748103037
2016-03-12,ili perc,3,HHS Region 4,quantile,0.025,2016-04-02,1.5406116266856558
2016-03-12,ili perc,3,HHS Region 4,quantile,0.05,2016-04-02,1.7338654322697318
2016-03-12,ili perc,3,HHS Region 4,quantile,0.1,2016-04-02,2.0214598043448615
2016-03-12,ili perc,3,HHS Region 4,quantile,0.15,2016-04-02,2.1771913922349575
2016-03-12,ili perc,3,HHS Region 4,quantile,0.2,2016-04-02,2.3118310464236975
2016-03-12,ili perc,3,HHS Region 4,quantile,0.25,2016-04-02,2.4408418541448165
2016-03-12,ili perc,3,HHS Region 4,quantile,0.3,2016-04-02,2.5487303309360176
2016-03-12,ili perc,3,HHS Region 4,quantile,0.35,2016-04-02,2.6510068570522263
2016-03-12,ili perc,3,HHS Region 4,quantile,0.4,2016-04-02,2.744512139672684
2016-03-12,ili perc,3,HHS Region 4,quantile,0.45,2016-04-02,2.852653037905221
2016-03-12,ili perc,3,HHS Region 4,quantile,0.5,2016-04-02,2.9544657609030303
2016-03-12,ili perc,3,HHS Region 4,quantile,0.55,2016-04-02,3.0766572761294912
2016-03-12,ili perc,3,HHS Region 4,quantile,0.6,2016-04-02,3.1833932987702287
2016-03-12,ili perc,3,HHS Region 4,quantile,0.65,2016-04-02,3.3115067435961127
2016-03-12,ili perc,3,HHS Region 4,quantile,0.7,2016-04-02,3.441160489883901
2016-03-12,ili perc,3,HHS Region 4,quantile,0.75,2016-04-02,3.582890101313497
2016-03-12,ili perc,3,HHS Region 4,quantile,0.8,2016-04-02,3.7540478306104905
2016-03-12,ili perc,3,HHS Region 4,quantile,0.85,2016-04-02,3.958980450891916
2016-03-12,ili perc,3,HHS Region 4,quantile,0.9,2016-04-02,4.272291770868449
2016-03-12,ili perc,3,HHS Region 4,quantile,0.95,2016-04-02,4.725495295749135
2016-03-12,ili perc,3,HHS Region 4,quantile,0.975,2016-04-02,5.271594060618725
2016-03-12,ili perc,3,HHS Region 4,quantile,0.99,2016-04-02,6.830211528367338
2016-03-12,ili perc,4,HHS Region 4,quantile,0.01,2016-04-09,1.1673664082615305
2016-03-12,ili perc,4,HHS Region 4,quantile,0.025,2016-04-09,1.3327808035164672
2016-03-12,ili perc,4,HHS Region 4,quantile,0.05,2016-04-09,1.474631657874821
2016-03-12,ili perc,4,HHS Region 4,quantile,0.1,2016-04-09,1.6961187054590987
2016-03-12,ili perc,4,HHS Region 4,quantile,0.15,2016-04-09,1.8479998612775037
2016-03-12,ili perc,4,HHS Region 4,quantile,0.2,2016-04-09,2.0017884041605356
2016-03-12,ili perc,4,HHS Region 4,quantile,0.25,2016-04-09,2.1268527516767373
2016-03-12,ili perc,4,HHS Region 4,quantile,0.3,2016-04-09,2.255800932781739
2016-03-12,ili perc,4,HHS Region 4,quantile,0.35,2016-04-09,2.361699812796345
2016-03-12,ili perc,4,HHS Region 4,quantile,0.4,2016-04-09,2.4714677583433775
2016-03-12,ili perc,4,HHS Region 4,quantile,0.45,2016-04-09,2.587771056109129
2016-03-12,ili perc,4,HHS Region 4,quantile,0.5,2016-04-09,2.6963070937335796
2016-03-12,ili perc,4,HHS Region 4,quantile,0.55,2016-04-09,2.8047313152356983
2016-03-12,ili perc,4,HHS Region 4,quantile,0.6,2016-04-09,2.9272684624270684
2016-03-12,ili perc,4,HHS Region 4,quantile,0.65,2016-04-09,3.053441722673137
2016-03-12,ili perc,4,HHS Region 4,quantile,0.7,2016-04-09,3.1911577457434532
2016-03-12,ili perc,4,HHS Region 4,quantile,0.75,2016-04-09,3.345513354179788
2016-03-12,ili perc,4,HHS Region 4,quantile,0.8,2016-04-09,3.5422827896934663
2016-03-12,ili perc,4,HHS Region 4,quantile,0.85,2016-04-09,3.757852212081613
2016-03-12,ili perc,4,HHS Region 4,quantile,0.9,2016-04-09,4.0785616694593365
2016-03-12,ili perc,4,HHS Region 4,quantile,0.95,2016-04-09,4.573941114905629
2016-03-12,ili perc,4,HHS Region 4,quantile,0.975,2016-04-09,5.12331352675227
2016-03-12,ili perc,4,HHS Region 4,quantile,0.99,2016-04-09,6.8108606058864885
2016-03-12,ili perc,1,HHS Region 5,quantile,0.01,2016-03-19,2.230892673308588
2016-03-12,ili perc,1,HHS Region 5,quantile,0.025,2016-03-19,2.42042298724564
2016-03-12,ili perc,1,HHS Region 5,quantile,0.05,2016-03-19,2.5681259337259696
2016-03-12,ili perc,1,HHS Region 5,quantile,0.1,2016-03-19,2.7061755158340204
2016-03-12,ili perc,1,HHS Region 5,quantile,0.15,2016-03-19,2.780951352571449
2016-03-12,ili perc,1,HHS Region 5,quantile,0.2,2016-03-19,2.8550663600153485
2016-03-12,ili perc,1,HHS Region 5,quantile,0.25,2016-03-19,2.9128811697626857
2016-03-12,ili perc,1,HHS Region 5,quantile,0.3,2016-03-19,2.964791722187881
2016-03-12,ili perc,1,HHS Region 5,quantile,0.35,2016-03-19,3.0211628851216625
2016-03-12,ili perc,1,HHS Region 5,quantile,0.4,2016-03-19,3.067660519596128
2016-03-12,ili perc,1,HHS Region 5,quantile,0.45,2016-03-19,3.117424913378089
2016-03-12,ili perc,1,HHS Region 5,quantile,0.5,2016-03-19,3.16614862361224
2016-03-12,ili perc,1,HHS Region 5,quantile,0.55,2016-03-19,3.213478689025391
2016-03-12,ili perc,1,HHS Region 5,quantile,0.6,2016-03-19,3.2590040317072906
2016-03-12,ili perc,1,HHS Region 5,quantile,0.65,2016-03-19,3.3031466095672903
2016-03-12,ili perc,1,HHS Region 5,quantile,0.7,2016-03-19,3.366490180951968
2016-03-12,ili perc,1,HHS Region 5,quantile,0.75,2016-03-19,3.4315636213296687
2016-03-12,ili perc,1,HHS Region 5,quantile,0.8,2016-03-19,3.5100030056501375
2016-03-12,ili perc,1,HHS Region 5,quantile,0.85,2016-03-19,3.5886563200367485
2016-03-12,ili perc,1,HHS Region 5,quantile,0.9,2016-03-19,3.712367892921553
2016-03-12,ili perc,1,HHS Region 5,quantile,0.95,2016-03-19,3.9307744855493434
2016-03-12,ili perc,1,HHS Region 5,quantile,0.975,2016-03-19,4.1850934599869065
2016-03-12,ili perc,1,HHS Region 5,quantile,0.99,2016-03-19,5.256435250858338
2016-03-12,ili perc,2,HHS Region 5,quantile,0.01,2016-03-26,1.7191937033920122
2016-03-12,ili perc,2,HHS Region 5,quantile,0.025,2016-03-26,1.9272802155866
2016-03-12,ili perc,2,HHS Region 5,quantile,0.05,2016-03-26,2.1092287872917588
2016-03-12,ili perc,2,HHS Region 5,quantile,0.1,2016-03-26,2.2914119383374567
2016-03-12,ili perc,2,HHS Region 5,quantile,0.15,2016-03-26,2.4070611232274084
2016-03-12,ili perc,2,HHS Region 5,quantile,0.2,2016-03-26,2.518941366258789
2016-03-12,ili perc,2,HHS Region 5,quantile,0.25,2016-03-26,2.5888744040455887
2016-03-12,ili perc,2,HHS Region 5,quantile,0.3,2016-03-26,2.6578186178420364
2016-03-12,ili perc,2,HHS Region 5,quantile,0.35,2016-03-26,2.742038599138193
2016-03-12,ili perc,2,HHS Region 5,quantile,0.4,2016-03-26,2.8342865030249107
2016-03-12,ili perc,2,HHS Region 5,quantile,0.45,2016-03-26,2.9052673373365243
2016-03-12,ili perc,2,HHS Region 5,quantile,0.5,2016-03-26,2.966418825149982
2016-03-12,ili perc,2,HHS Region 5,quantile,0.55,2016-03-26,3.0353825412270643
2016-03-12,ili perc,2,HHS Region 5,quantile,0.6,2016-03-26,3.102308032050254
2016-03-12,ili perc,2,HHS Region 5,quantile,0.65,2016-03-26,3.1690859157842337
2016-03-12,ili perc,2,HHS Region 5,quantile,0.7,2016-03-26,3.2566070480210567
2016-03-12,ili perc,2,HHS Region 5,quantile,0.75,2016-03-26,3.3574837219574643
2016-03-12,ili perc,2,HHS Region 5,quantile,0.8,2016-03-26,3.4534289938367095
2016-03-12,ili perc,2,HHS Region 5,quantile,0.85,2016-03-26,3.5720255918047674
2016-03-12,ili perc,2,HHS Region 5,quantile,0.9,2016-03-26,3.715204567161295
2016-03-12,ili perc,2,HHS Region 5,quantile,0.95,2016-03-26,4.090099362963995
2016-03-12,ili perc,2,HHS Region 5,quantile,0.975,2016-03-26,4.433179828646585
2016-03-12,ili perc,2,HHS Region 5,quantile,0.99,2016-03-26,5.621162213540337
2016-03-12,ili perc,3,HHS Region 5,quantile,0.01,2016-04-02,1.3165274833476457
2016-03-12,ili perc,3,HHS Region 5,quantile,0.025,2016-04-02,1.5638464476042644
2016-03-12,ili perc,3,HHS Region 5,quantile,0.05,2016-04-02,1.719567497264984
2016-03-12,ili perc,3,HHS Region 5,quantile,0.1,2016-04-02,1.9065971305107736
2016-03-12,ili perc,3,HHS Region 5,quantile,0.15,2016-04-02,2.02902848747036
2016-03-12,ili perc,3,HHS Region 5,quantile,0.2,2016-04-02,2.144928567839444
2016-03-12,ili perc,3,HHS Region 5,quantile,0.25,2016-04-02,2.234519979081933
2016-03-12,ili perc,3,HHS Region 5,quantile,0.3,2016-04-02,2.3112834433177825
2016-03-12,ili perc,3,HHS Region 5,quantile,0.35,2016-04-02,2.3852555149464645
2016-03-12,ili perc,3,HHS Region 5,quantile,0.4,2016-04-02,2.453275899781962
2016-03-12,ili perc,3,HHS Region 5,quantile,0.45,2016-04-02,2.522905170944924
2016-03-12,ili perc,3,HHS Region 5,quantile,0.5,2016-04-02,2.6025054664830076
2016-03-12,ili perc,3,HHS Region 5,quantile,0.55,2016-04-02,2.6713104606075597
2016-03-12,ili perc,3,HHS Region 5,quantile,0.6,2016-04-02,2.7766813241956454
2016-03-12,ili perc,3,HHS Region 5,quantile,0.65,2016-04-02,2.8873851852028443
2016-03-12,ili perc,3,HHS Region 5,quantile,0.7,2016-04-02,2.9818790970226976
2016-03-12,ili perc,3,HHS Region 5,quantile,0.75,2016-04-02,3.073506959016706
2016-03-12,ili perc,3,HHS Region 5,quantile,0.8,2016-04-02,3.191093715765551
2016-03-12,ili perc,3,HHS Region 5,quantile,0.85,2016-04-02,3.344689800883653
2016-03-12,ili perc,3,HHS Region 5,quantile,0.9,2016-04-02,3.5269656350447365
2016-03-12,ili perc,3,HHS Region 5,quantile,0.95,2016-04-02,3.896975162517553
2016-03-12,ili perc,3,HHS Region 5,quantile,0.975,2016-04-02,4.22958259441145
2016-03-12,ili perc,3,HHS Region 5,quantile,0.99,2016-04-02,5.727482331540617
2016-03-12,ili perc,4,HHS Region 5,quantile,0.01,2016-04-09,1.0495294444388945
2016-03-12,ili perc,4,HHS Region 5,quantile,0.025,2016-04-09,1.2529954268264163
2016-03-12,ili perc,4,HHS Region 5,quantile,0.05,2016-04-09,1.4173064914495257
2016-03-12,ili perc,4,HHS Region 5,quantile,0.1,2016-04-09,1.602741826615259
2016-03-12,ili perc,4,HHS Region 5,quantile,0.15,2016-04-09,1.7347919660584736
2016-03-12,ili perc,4,HHS Region 5,quantile,0.2,2016-04-09,1.8119949124622432
2016-03-12,ili perc,4,HHS Region 5,quantile,0.25,2016-04-09,1.894896667679374
2016-03-12,ili perc,4,HHS Region 5,quantile,0.3,2016-04-09,1.9744874050333103
2016-03-12,ili perc,4,HHS Region 5,quantile,0.35,2016-04-09,2.0474901454379903
2016-03-12,ili perc,4,HHS Region 5,quantile,0.4,2016-04-09,2.120789418677
2016-03-12,ili perc,4,HHS Region 5,quantile,0.45,2016-04-09,2.1920973326485074
2016-03-12,ili perc,4,HHS Region 5,quantile,0.5,2016-04-09,2.2803689333946418
2016-03-12,ili perc,4,HHS Region 5,quantile,0.55,2016-04-09,2.364086235086368
2016-03-12,ili perc,4,HHS Region 5,quantile,0.6,2016-04-09,2.4548581238612055
2016-03-12,ili perc,4,HHS Region 5,quantile,0.65,2016-04-09,2.5428702369269214
2016-03-12,ili perc,4,HHS Region 5,quantile,0.7,2016-04-09,2.6340978080279607
2016-03-12,ili perc,4,HHS Region 5,quantile,0.75,2016-04-09,2.749335329944848
2016-03-12,ili perc,4,HHS Region 5,quantile,0.8,2016-04-09,2.8650420293107506
2016-03-12,ili perc,4,HHS Region 5,quantile,0.85,2016-04-09,3.047002431392611
2016-03-12,ili perc,4,HHS Region 5,quantile,0.9,2016-04-09,3.289153364006102
2016-03-12,ili perc,4,HHS Region 5,quantile,0.95,2016-04-09,3.679738098874717
2016-03-12,ili perc,4,HHS Region 5,quantile,0.975,2016-04-09,4.084271086970578
2016-03-12,ili perc,4,HHS Region 5,quantile,0.99,2016-04-09,5.692534914331793
2016-03-12,ili perc,1,HHS Region 6,quantile,0.01,2016-03-19,2.775155171139323
2016-03-12,ili perc,1,HHS Region 6,quantile,0.025,2016-03-19,2.9487962447950427
2016-03-12,ili perc,1,HHS Region 6,quantile,0.05,2016-03-19,3.07423081350482
2016-03-12,ili perc,1,HHS Region 6,quantile,0.1,2016-03-19,3.297945337681196
2016-03-12,ili perc,1,HHS Region 6,quantile,0.15,2016-03-19,3.4218483919414666
2016-03-12,ili perc,1,HHS Region 6,quantile,0.2,2016-03-19,3.5165781797692164
2016-03-12,ili perc,1,HHS Region 6,quantile,0.25,2016-03-19,3.598978507197303
2016-03-12,ili perc,1,HHS Region 6,quantile,0.3,2016-03-19,3.682927050779502
2016-03-12,ili perc,1,HHS Region 6,quantile,0.35,2016-03-19,3.749886622355663
2016-03-12,ili perc,1,HHS Region 6,quantile,0.4,2016-03-19,3.808038247123013
2016-03-12,ili perc,1,HHS Region 6,quantile,0.45,2016-03-19,3.8770033938923834
2016-03-12,ili perc,1,HHS Region 6,quantile,0.5,2016-03-19,3.9291343293634142
2016-03-12,ili perc,1,HHS Region 6,quantile,0.55,2016-03-19,3.992953328057351
2016-03-12,ili perc,1,HHS Region 6,quantile,0.6,2016-03-19,4.040820039684204
2016-03-12,ili perc,1,HHS Region 6,quantile,0.65,2016-03-19,4.0993778519058814
2016-03-12,ili perc,1,HHS Region 6,quantile,0.7,2016-03-19,4.176769564249907
2016-03-12,ili perc,1,HHS Region 6,quantile,0.75,2016-03-19,4.265358215645072
2016-03-12,ili perc,1,HHS Region 6,quantile,0.8,2016-03-19,4.370265385851983
2016-03-12,ili perc,1,HHS Region 6,quantile,0.85,2016-03-19,4.498365473466398
2016-03-12,ili perc,1,HHS Region 6,quantile,0.9,2016-03-19,4.736927973091241
2016-03-12,ili perc,1,HHS Region 6,quantile,0.95,2016-03-19,5.05956477679948
2016-03-12,ili perc,1,HHS Region 6,quantile,0.975,2016-03-19,5.337116225551173
2016-03-12,ili perc,1,HHS Region 6,quantile,0.99,2016-03-19,6.324214145168158
2016-03-12,ili perc,2,HHS Region 6,quantile,0.01,2016-03-26,2.14862881626429
2016-03-12,ili perc,2,HHS Region 6,quantile,0.025,2016-03-26,2.3687662448310935
2016-03-12,ili perc,2,HHS Region 6,quantile,0.05,2016-03-26,2.5226243432105373
2016-03-12,ili perc,2,HHS Region 6,quantile,0.1,2016-03-26,2.758585641302265
2016-03-12,ili perc,2,HHS Region 6,quantile,0.15,2016-03-26,2.89949545976295
2016-03-12,ili perc,2,HHS Region 6,quantile,0.2,2016-03-26,3.0333088346656503
2016-03-12,ili perc,2,HHS Region 6,quantile,0.25,2016-03-26,3.1178139050021336
2016-03-12,ili perc,2,HHS Region 6,quantile,0.3,2016-03-26,3.2196349042675223
2016-03-12,ili perc,2,HHS Region 6,quantile,0.35,2016-03-26,3.3218266144655
2016-03-12,ili perc,2,HHS Region 6,quantile,0.4,2016-03-26,3.393140397324354
2016-03-12,ili perc,2,HHS Region 6,quantile,0.45,2016-03-26,3.474340300792535
2016-03-12,ili perc,2,HHS Region 6,quantile,0.5,2016-03-26,3.5543270816533687
2016-03-12,ili perc,2,HHS Region 6,quantile,0.55,2016-03-26,3.638695418917847
2016-03-12,ili perc,2,HHS Region 6,quantile,0.6,2016-03-26,3.717020328475477
2016-03-12,ili perc,2,HHS Region 6,quantile,0.65,2016-03-26,3.8106228627624086
2016-03-12,ili perc,2,HHS Region 6,quantile,0.7,2016-03-26,3.9036754543504375
2016-03-12,ili perc,2,HHS Region 6,quantile,0.75,2016-03-26,4.007797357069504
2016-03-12,ili perc,2,HHS Region 6,quantile,0.8,2016-03-26,4.1581506375960124
2016-03-12,ili perc,2,HHS Region 6,quantile,0.85,2016-03-26,4.329544595573099
2016-03-12,ili perc,2,HHS Region 6,quantile,0.9,2016-03-26,4.555418164834778
2016-03-12,ili perc,2,HHS Region 6,quantile,0.95,2016-03-26,5.012928149376095
2016-03-12,ili perc,2,HHS Region 6,quantile,0.975,2016-03-26,5.487067231544018
2016-03-12,ili perc,2,HHS Region 6,quantile,0.99,2016-03-26,6.590202266553493
2016-03-12,ili perc,3,HHS Region 6,quantile,0.01,2016-04-02,1.649986221447262
2016-03-12,ili perc,3,HHS Region 6,quantile,0.025,2016-04-02,1.8583296929381432
2016-03-12,ili perc,3,HHS Region 6,quantile,0.05,2016-04-02,2.0248112347906315
2016-03-12,ili perc,3,HHS Region 6,quantile,0.1,2016-04-02,2.2847861886921352
2016-03-12,ili perc,3,HHS Region 6,quantile,0.15,2016-04-02,2.4353587788731703
2016-03-12,ili perc,3,HHS Region 6,quantile,0.2,2016-04-02,2.5620627136376615
2016-03-12,ili perc,3,HHS Region 6,quantile,0.25,2016-04-02,2.665202461685714
2016-03-12,ili perc,3,HHS Region 6,quantile,0.3,2016-04-02,2.766921026356633
2016-03-12,ili perc,3,HHS Region 6,quantile,0.35,2016-04-02,2.86924730721149
2016-03-12,ili perc,3,HHS Region 6,quantile,0.4,2016-04-02,2.971321959709492
2016-03-12,ili perc,3,HHS Region 6,quantile,0.45,2016-04-02,3.0765762650918593
2016-03-12,ili perc,3,HHS Region 6,quantile,0.5,2016-04-02,3.195643998181386
2016-03-12,ili perc,3,HHS Region 6,quantile,0.55,2016-04-02,3.301581939164982
2016-03-12,ili perc,3,HHS Region 6,quantile,0.6,2016-04-02,3.405442292705439
2016-03-12,ili perc,3,HHS Region 6,quantile,0.65,2016-04-02,3.506169409636896
2016-03-12,ili perc,3,HHS Region 6,quantile,0.7,2016-04-02,3.63697588896155
2016-03-12,ili perc,3,HHS Region 6,quantile,0.75,2016-04-02,3.7537609138284234
2016-03-12,ili perc,3,HHS Region 6,quantile,0.8,2016-04-02,3.916006696967889
2016-03-12,ili perc,3,HHS Region 6,quantile,0.85,2016-04-02,4.133032237007986
2016-03-12,ili perc,3,HHS Region 6,quantile,0.9,2016-04-02,4.446216806575842
2016-03-12,ili perc,3,HHS Region 6,quantile,0.95,2016-04-02,4.899212240199759
2016-03-12,ili perc,3,HHS Region 6,quantile,0.975,2016-04-02,5.41102265887008
2016-03-12,ili perc,3,HHS Region 6,quantile,0.99,2016-04-02,6.599704257409486
2016-03-12,ili perc,4,HHS Region 6,quantile,0.01,2016-04-09,1.4166999402669995
2016-03-12,ili perc,4,HHS Region 6,quantile,0.025,2016-04-09,1.5479344052114845
2016-03-12,ili perc,4,HHS Region 6,quantile,0.05,2016-04-09,1.711520132606378
2016-03-12,ili perc,4,HHS Region 6,quantile,0.1,2016-04-09,1.9390222583438808
2016-03-12,ili perc,4,HHS Region 6,quantile,0.15,2016-04-09,2.088608385334599
2016-03-12,ili perc,4,HHS Region 6,quantile,0.2,2016-04-09,2.2297716798721594
2016-03-12,ili perc,4,HHS Region 6,quantile,0.25,2016-04-09,2.3334566253027815
2016-03-12,ili perc,4,HHS Region 6,quantile,0.3,2016-04-09,2.452221395092891
2016-03-12,ili perc,4,HHS Region 6,quantile,0.35,2016-04-09,2.566946035121436
2016-03-12,ili perc,4,HHS Region 6,quantile,0.4,2016-04-09,2.665837608684613
2016-03-12,ili perc,4,HHS Region 6,quantile,0.45,2016-04-09,2.7618661116439367
2016-03-12,ili perc,4,HHS Region 6,quantile,0.5,2016-04-09,2.8565745109797622
2016-03-12,ili perc,4,HHS Region 6,quantile,0.55,2016-04-09,2.967715066246676
2016-03-12,ili perc,4,HHS Region 6,quantile,0.6,2016-04-09,3.06658656917375
2016-03-12,ili perc,4,HHS Region 6,quantile,0.65,2016-04-09,3.1690135155338206
2016-03-12,ili perc,4,HHS Region 6,quantile,0.7,2016-04-09,3.322210336776524
2016-03-12,ili perc,4,HHS Region 6,quantile,0.75,2016-04-09,3.5097593630966983
2016-03-12,ili perc,4,HHS Region 6,quantile,0.8,2016-04-09,3.700923902274209
2016-03-12,ili perc,4,HHS Region 6,quantile,0.85,2016-04-09,3.896868798828805
2016-03-12,ili perc,4,HHS Region 6,quantile,0.9,2016-04-09,4.215964582923945
2016-03-12,ili perc,4,HHS Region 6,quantile,0.95,2016-04-09,4.721689703096583
2016-03-12,ili perc,4,HHS Region 6,quantile,0.975,2016-04-09,5.298744645084035
2016-03-12,ili perc,4,HHS Region 6,quantile,0.99,2016-04-09,6.735743256266102
2016-03-12,ili perc,1,HHS Region 7,quantile,0.01,2016-03-19,1.306150983138615
2016-03-12,ili perc,1,HHS Region 7,quantile,0.025,2016-03-19,1.5030880129638122
2016-03-12,ili perc,1,HHS Region 7,quantile,0.05,2016-03-19,1.6073939370685284
2016-03-12,ili perc,1,HHS Region 7,quantile,0.1,2016-03-19,1.76519163125295
2016-03-12,ili perc,1,HHS Region 7,quantile,0.15,2016-03-19,1.8836614116964616
2016-03-12,ili perc,1,HHS Region 7,quantile,0.2,2016-03-19,1.959916164977518
2016-03-12,ili perc,1,HHS Region 7,quantile,0.25,2016-03-19,2.023707515379878
2016-03-12,ili perc,1,HHS Region 7,quantile,0.3,2016-03-19,2.0754029269452343
2016-03-12,ili perc,1,HHS Region 7,quantile,0.35,2016-03-19,2.12237295701101
2016-03-12,ili perc,1,HHS Region 7,quantile,0.4,2016-03-19,2.1778590624041354
2016-03-12,ili perc,1,HHS Region 7,quantile,0.45,2016-03-19,2.2305480008411047
2016-03-12,ili perc,1,HHS Region 7,quantile,0.5,2016-03-19,2.280870619877547
2016-03-12,ili perc,1,HHS Region 7,quantile,0.55,2016-03-19,2.332186516976049
2016-03-12,ili perc,1,HHS Region 7,quantile,0.6,2016-03-19,2.3840944838328215
2016-03-12,ili perc,1,HHS Region 7,quantile,0.65,2016-03-19,2.4472966994677856
2016-03-12,ili perc,1,HHS Region 7,quantile,0.7,2016-03-19,2.524743716290733
2016-03-12,ili perc,1,HHS Region 7,quantile,0.75,2016-03-19,2.6037111343511117
2016-03-12,ili perc,1,HHS Region 7,quantile,0.8,2016-03-19,2.6915386434077972
2016-03-12,ili perc,1,HHS Region 7,quantile,0.85,2016-03-19,2.793441496355142
2016-03-12,ili perc,1,HHS Region 7,quantile,0.9,2016-03-19,2.9376692803515176
2016-03-12,ili perc,1,HHS Region 7,quantile,0.95,2016-03-19,3.206320318365241
2016-03-12,ili perc,1,HHS Region 7,quantile,0.975,2016-03-19,3.7204543470228018
2016-03-12,ili perc,1,HHS Region 7,quantile,0.99,2016-03-19,5.304011659425593
2016-03-12,ili perc,2,HHS Region 7,quantile,0.01,2016-03-26,0.798199812339419
2016-03-12,ili perc,2,HHS Region 7,quantile,0.025,2016-03-26,1.1049289277232175
2016-03-12,ili perc,2,HHS Region 7,quantile,0.05,2016-03-26,1.2543130565575669
2016-03-12,ili perc,2,HHS Region 7,quantile,0.1,2016-03-26,1.4543133888655504
2016-03-12,ili perc,2,HHS Region 7,quantile,0.15,2016-03-26,1.5805176920073536
2016-03-12,ili perc,2,HHS Region 7,quantile,0.2,2016-03-26,1.663457079403096
2016-03-12,ili perc,2,HHS Region 7,quantile,0.25,2016-03-26,1.7538007082156255
2016-03-12,ili perc,2,HHS Region 7,quantile,0.3,2016-03-26,1.845138184212726
2016-03-12,ili perc,2,HHS Region 7,quantile,0.35,2016-03-26,1.934815751745492
2016-03-12,ili perc,2,HHS Region 7,quantile,0.4,2016-03-26,2.0095383445959194
2016-03-12,ili perc,2,HHS Region 7,quantile,0.45,2016-03-26,2.077299391474281
2016-03-12,ili perc,2,HHS Region 7,quantile,0.5,2016-03-26,2.1451773541627923
2016-03-12,ili perc,2,HHS Region 7,quantile,0.55,2016-03-26,2.216314001796818
2016-03-12,ili perc,2,HHS Region 7,quantile,0.6,2016-03-26,2.2857734253496043
2016-03-12,ili perc,2,HHS Region 7,quantile,0.65,2016-03-26,2.363793862640715
2016-03-12,ili perc,2,HHS Region 7,quantile,0.7,2016-03-26,2.4526821465621165
2016-03-12,ili perc,2,HHS Region 7,quantile,0.75,2016-03-26,2.548152534031473
2016-03-12,ili perc,2,HHS Region 7,quantile,0.8,2016-03-26,2.6669840424776003
2016-03-12,ili perc,2,HHS Region 7,quantile,0.85,2016-03-26,2.8095590547503804
2016-03-12,ili perc,2,HHS Region 7,quantile,0.9,2016-03-26,3.0263181043357896
2016-03-12,ili perc,2,HHS Region 7,quantile,0.95,2016-03-26,3.4627938926176824
2016-03-12,ili perc,2,HHS Region 7,quantile,0.975,2016-03-26,4.062065956933148
2016-03-12,ili perc,2,HHS Region 7,quantile,0.99,2016-03-26,5.609981000429488
2016-03-12,ili perc,3,HHS Region 7,quantile,0.01,2016-04-02,0.5928482054147912
2016-03-12,ili perc,3,HHS Region 7,quantile,0.025,2016-04-02,0.864064101524801
2016-03-12,ili perc,3,HHS Region 7,quantile,0.05,2016-04-02,1.0234455209655289
2016-03-12,ili perc,3,HHS Region 7,quantile,0.1,2016-04-02,1.2021913987573438
2016-03-12,ili perc,3,HHS Region 7,quantile,0.15,2016-04-02,1.3182404308327549
2016-03-12,ili perc,3,HHS Region 7,quantile,0.2,2016-04-02,1.4271479146465398
2016-03-12,ili perc,3,HHS Region 7,quantile,0.25,2016-04-02,1.506813534578093
2016-03-12,ili perc,3,HHS Region 7,quantile,0.3,2016-04-02,1.5823497124638757
2016-03-12,ili perc,3,HHS Region 7,quantile,0.35,2016-04-02,1.6591877658392091
2016-03-12,ili perc,3,HHS Region 7,quantile,0.4,2016-04-02,1.7392127737754377
2016-03-12,ili perc,3,HHS Region 7,quantile,0.45,2016-04-02,1.8257592758626775
2016-03-12,ili perc,3,HHS Region 7,quantile,0.5,2016-04-02,1.9068923273881937
2016-03-12,ili perc,3,HHS Region 7,quantile,0.55,2016-04-02,1.990875061119145
2016-03-12,ili perc,3,HHS Region 7,quantile,0.6,2016-04-02,2.072704106603501
2016-03-12,ili perc,3,HHS Region 7,quantile,0.65,2016-04-02,2.1583694919407037
2016-03-12,ili perc,3,HHS Region 7,quantile,0.7,2016-04-02,2.257908622805489
2016-03-12,ili perc,3,HHS Region 7,quantile,0.75,2016-04-02,2.386587461149088
2016-03-12,ili perc,3,HHS Region 7,quantile,0.8,2016-04-02,2.514068521191528
2016-03-12,ili perc,3,HHS Region 7,quantile,0.85,2016-04-02,2.6724045949396813
2016-03-12,ili perc,3,HHS Region 7,quantile,0.9,2016-04-02,2.9415358898054027
2016-03-12,ili perc,3,HHS Region 7,quantile,0.95,2016-04-02,3.4464901104376127
2016-03-12,ili perc,3,HHS Region 7,quantile,0.975,2016-04-02,4.162036684937906
2016-03-12,ili perc,3,HHS Region 7,quantile,0.99,2016-04-02,6.035336443113409
2016-03-12,ili perc,4,HHS Region 7,quantile,0.01,2016-04-09,0.49076316039107504
2016-03-12,ili perc,4,HHS Region 7,quantile,0.025,2016-04-09,0.6571728497936314
2016-03-12,ili perc,4,HHS Region 7,quantile,0.05,2016-04-09,0.7796838022183872
2016-03-12,ili perc,4,HHS Region 7,quantile,0.1,2016-04-09,0.9712592996401976
2016-03-12,ili perc,4,HHS Region 7,quantile,0.15,2016-04-09,1.097274176743042
2016-03-12,ili perc,4,HHS Region 7,quantile,0.2,2016-04-09,1.2070034906499834
2016-03-12,ili perc,4,HHS Region 7,quantile,0.25,2016-04-09,1.3228487759929235
2016-03-12,ili perc,4,HHS Region 7,quantile,0.3,2016-04-09,1.4025529811555222
2016-03-12,ili perc,4,HHS Region 7,quantile,0.35,2016-04-09,1.4865073820363954
2016-03-12,ili perc,4,HHS Region 7,quantile,0.4,2016-04-09,1.57430551795531
2016-03-12,ili perc,4,HHS Region 7,quantile,0.45,2016-04-09,1.6591935448926542
2016-03-12,ili perc,4,HHS Region 7,quantile,0.5,2016-04-09,1.754937380128459
2016-03-12,ili perc,4,HHS Region 7,quantile,0.55,2016-04-09,1.85768194216424
2016-03-12,ili perc,4,HHS Region 7,quantile,0.6,2016-04-09,1.9523776536231232
2016-03-12,ili perc,4,HHS Region 7,quantile,0.65,2016-04-09,2.0568575859327294
2016-03-12,ili perc,4,HHS Region 7,quantile,0.7,2016-04-09,2.1714974929125597
2016-03-12,ili perc,4,HHS Region 7,quantile,0.75,2016-04-09,2.3052148008403495
2016-03-12,ili perc,4,HHS Region 7,quantile,0.8,2016-04-09,2.4654269928048524
2016-03-12,ili perc,4,HHS Region 7,quantile,0.85,2016-04-09,2.665089574224231
2016-03-12,ili perc,4,HHS Region 7,quantile,0.9,2016-04-09,2.9585279763214993
2016-03-12,ili perc,4,HHS Region 7,quantile,0.95,2016-04-09,3.445581368771375
2016-03-12,ili perc,4,HHS Region 7,quantile,0.975,2016-04-09,4.239500600610156
2016-03-12,ili perc,4,HHS Region 7,quantile,0.99,2016-04-09,6.131924425786035
2016-03-12,ili perc,1,HHS Region 8,quantile,0.01,2016-03-19,1.084921478210466
2016-03-12,ili perc,1,HHS Region 8,quantile,0.025,2016-03-19,1.2608539095839135
2016-03-12,ili perc,1,HHS Region 8,quantile,0.05,2016-03-19,1.3873047363825683
2016-03-12,ili perc,1,HHS Region 8,quantile,0.1,2016-03-19,1.488830784424411
2016-03-12,ili perc,1,HHS Region 8,quantile,0.15,2016-03-19,1.57380328901342
2016-03-12,ili perc,1,HHS Region 8,quantile,0.2,2016-03-19,1.6390142975418025
2016-03-12,ili perc,1,HHS Region 8,quantile,0.25,2016-03-19,1.6959614138356796
2016-03-12,ili perc,1,HHS Region 8,quantile,0.3,2016-03-19,1.7392946158128817
2016-03-12,ili perc,1,HHS Region 8,quantile,0.35,2016-03-19,1.7770378657833776
2016-03-12,ili perc,1,HHS Region 8,quantile,0.4,2016-03-19,1.8157114265614456
2016-03-12,ili perc,1,HHS Region 8,quantile,0.45,2016-03-19,1.8522773950840707
2016-03-12,ili perc,1,HHS Region 8,quantile,0.5,2016-03-19,1.8870403157839637
2016-03-12,ili perc,1,HHS Region 8,quantile,0.55,2016-03-19,1.9192691475716104
2016-03-12,ili perc,1,HHS Region 8,quantile,0.6,2016-03-19,1.9540509426435575
2016-03-12,ili perc,1,HHS Region 8,quantile,0.65,2016-03-19,1.989392927442984
2016-03-12,ili perc,1,HHS Region 8,quantile,0.7,2016-03-19,2.027631558366799
2016-03-12,ili perc,1,HHS Region 8,quantile,0.75,2016-03-19,2.0739050227284044
2016-03-12,ili perc,1,HHS Region 8,quantile,0.8,2016-03-19,2.138730750088659
2016-03-12,ili perc,1,HHS Region 8,quantile,0.85,2016-03-19,2.214339036020957
2016-03-12,ili perc,1,HHS Region 8,quantile,0.9,2016-03-19,2.310290439306714
2016-03-12,ili perc,1,HHS Region 8,quantile,0.95,2016-03-19,2.554754231564895
2016-03-12,ili perc,1,HHS Region 8,quantile,0.975,2016-03-19,2.821656504696947
2016-03-12,ili perc,1,HHS Region 8,quantile,0.99,2016-03-19,4.510372164564015
2016-03-12,ili perc,2,HHS Region 8,quantile,0.01,2016-03-26,0.7531600447967661
2016-03-12,ili perc,2,HHS Region 8,quantile,0.025,2016-03-26,0.8830948160023051
2016-03-12,ili perc,2,HHS Region 8,quantile,0.05,2016-03-26,1.0143774021041714
2016-03-12,ili perc,2,HHS Region 8,quantile,0.1,2016-03-26,1.166267610066415
2016-03-12,ili perc,2,HHS Region 8,quantile,0.15,2016-03-26,1.2512032262836852
2016-03-12,ili perc,2,HHS Region 8,quantile,0.2,2016-03-26,1.323649365841974
2016-03-12,ili perc,2,HHS Region 8,quantile,0.25,2016-03-26,1.3933216403470918
2016-03-12,ili perc,2,HHS Region 8,quantile,0.3,2016-03-26,1.45133305447139
2016-03-12,ili perc,2,HHS Region 8,quantile,0.35,2016-03-26,1.502906264620239
2016-03-12,ili perc,2,HHS Region 8,quantile,0.4,2016-03-26,1.5423313641106555
2016-03-12,ili perc,2,HHS Region 8,quantile,0.45,2016-03-26,1.589526221009629
2016-03-12,ili perc,2,HHS Region 8,quantile,0.5,2016-03-26,1.6355206200023014
2016-03-12,ili perc,2,HHS Region 8,quantile,0.55,2016-03-26,1.6837176383807984
2016-03-12,ili perc,2,HHS Region 8,quantile,0.6,2016-03-26,1.7307820474486166
2016-03-12,ili perc,2,HHS Region 8,quantile,0.65,2016-03-26,1.7880870630689314
2016-03-12,ili perc,2,HHS Region 8,quantile,0.7,2016-03-26,1.8447707222872685
2016-03-12,ili perc,2,HHS Region 8,quantile,0.75,2016-03-26,1.9035119185994789
2016-03-12,ili perc,2,HHS Region 8,quantile,0.8,2016-03-26,1.9861342237898345
2016-03-12,ili perc,2,HHS Region 8,quantile,0.85,2016-03-26,2.0903696503113016
2016-03-12,ili perc,2,HHS Region 8,quantile,0.9,2016-03-26,2.220271889708629
2016-03-12,ili perc,2,HHS Region 8,quantile,0.95,2016-03-26,2.53701931352242
2016-03-12,ili perc,2,HHS Region 8,quantile,0.975,2016-03-26,3.164475164867675
2016-03-12,ili perc,2,HHS Region 8,quantile,0.99,2016-03-26,4.760755957862916
2016-03-12,ili perc,3,HHS Region 8,quantile,0.01,2016-04-02,0.5708258721218036
2016-03-12,ili perc,3,HHS Region 8,quantile,0.025,2016-04-02,0.7121256294636522
2016-03-12,ili perc,3,HHS Region 8,quantile,0.05,2016-04-02,0.8279907252917325
2016-03-12,ili perc,3,HHS Region 8,quantile,0.1,2016-04-02,0.9807955704328252
2016-03-12,ili perc,3,HHS Region 8,quantile,0.15,2016-04-02,1.0836458687013106
2016-03-12,ili perc,3,HHS Region 8,quantile,0.2,2016-04-02,1.1590951374155611
2016-03-12,ili perc,3,HHS Region 8,quantile,0.25,2016-04-02,1.226810909047687
2016-03-12,ili perc,3,HHS Region 8,quantile,0.3,2016-04-02,1.2804743554949145
2016-03-12,ili perc,3,HHS Region 8,quantile,0.35,2016-04-02,1.3431079682430689
2016-03-12,ili perc,3,HHS Region 8,quantile,0.4,2016-04-02,1.3973272325462436
2016-03-12,ili perc,3,HHS Region 8,quantile,0.45,2016-04-02,1.4483819721103566
2016-03-12,ili perc,3,HHS Region 8,quantile,0.5,2016-04-02,1.49507140776378
2016-03-12,ili perc,3,HHS Region 8,quantile,0.55,2016-04-02,1.5515030141951631
2016-03-12,ili perc,3,HHS Region 8,quantile,0.6,2016-04-02,1.6084897254328951
2016-03-12,ili perc,3,HHS Region 8,quantile,0.65,2016-04-02,1.6736147799399002
2016-03-12,ili perc,3,HHS Region 8,quantile,0.7,2016-04-02,1.7442285092238383
2016-03-12,ili perc,3,HHS Region 8,quantile,0.75,2016-04-02,1.8180456724321896
2016-03-12,ili perc,3,HHS Region 8,quantile,0.8,2016-04-02,1.90261878476179
2016-03-12,ili perc,3,HHS Region 8,quantile,0.85,2016-04-02,2.0178714170509893
2016-03-12,ili perc,3,HHS Region 8,quantile,0.9,2016-04-02,2.21473317974298
2016-03-12,ili perc,3,HHS Region 8,quantile,0.95,2016-04-02,2.6727530778806665
2016-03-12,ili perc,3,HHS Region 8,quantile,0.975,2016-04-02,3.20659881735247
2016-03-12,ili perc,3,HHS Region 8,quantile,0.99,2016-04-02,4.787303156627656
2016-03-12,ili perc,4,HHS Region 8,quantile,0.01,2016-04-09,0.46847032497585345
2016-03-12,ili perc,4,HHS Region 8,quantile,0.025,2016-04-09,0.5602453683563375
2016-03-12,ili perc,4,HHS Region 8,quantile,0.05,2016-04-09,0.6518865014837967
2016-03-12,ili perc,4,HHS Region 8,quantile,0.1,2016-04-09,0.7843786988921394
2016-03-12,ili perc,4,HHS Region 8,quantile,0.15,2016-04-09,0.8844614597727043
2016-03-12,ili perc,4,HHS Region 8,quantile,0.2,2016-04-09,0.9705092824316294
2016-03-12,ili perc,4,HHS Region 8,quantile,0.25,2016-04-09,1.0455700661827472
2016-03-12,ili perc,4,HHS Region 8,quantile,0.3,2016-04-09,1.1016993663239512
2016-03-12,ili perc,4,HHS Region 8,quantile,0.35,2016-04-09,1.160834958771683
2016-03-12,ili perc,4,HHS Region 8,quantile,0.4,2016-04-09,1.211879982156791
2016-03-12,ili perc,4,HHS Region 8,quantile,0.45,2016-04-09,1.2647631683939822
2016-03-12,ili perc,4,HHS Region 8,quantile,0.5,2016-04-09,1.3127987463879405
2016-03-12,ili perc,4,HHS Region 8,quantile,0.55,2016-04-09,1.3728212866385852
2016-03-12,ili perc,4,HHS Region 8,quantile,0.6,2016-04-09,1.4372570989183562
2016-03-12,ili perc,4,HHS Region 8,quantile,0.65,2016-04-09,1.4972736183367692
2016-03-12,ili perc,4,HHS Region 8,quantile,0.7,2016-04-09,1.573492697875691
2016-03-12,ili perc,4,HHS Region 8,quantile,0.75,2016-04-09,1.642702101563733
2016-03-12,ili perc,4,HHS Region 8,quantile,0.8,2016-04-09,1.7336130254094209
2016-03-12,ili perc,4,HHS Region 8,quantile,0.85,2016-04-09,1.8681178869515296
2016-03-12,ili perc,4,HHS Region 8,quantile,0.9,2016-04-09,2.0896747577232166
2016-03-12,ili perc,4,HHS Region 8,quantile,0.95,2016-04-09,2.5546915556939735
2016-03-12,ili perc,4,HHS Region 8,quantile,0.975,2016-04-09,3.1651898486725942
2016-03-12,ili perc,4,HHS Region 8,quantile,0.99,2016-04-09,4.710035960030853
2016-03-12,ili perc,1,HHS Region 9,quantile,0.01,2016-03-19,2.037847146294532
2016-03-12,ili perc,1,HHS Region 9,quantile,0.025,2016-03-19,2.3149322305731115
2016-03-12,ili perc,1,HHS Region 9,quantile,0.05,2016-03-19,2.5730331131166633
2016-03-12,ili perc,1,HHS Region 9,quantile,0.1,2016-03-19,2.829588706658515
2016-03-12,ili perc,1,HHS Region 9,quantile,0.15,2016-03-19,2.982980600604076
2016-03-12,ili perc,1,HHS Region 9,quantile,0.2,2016-03-19,3.0663338641331155
2016-03-12,ili perc,1,HHS Region 9,quantile,0.25,2016-03-19,3.132897666570903
2016-03-12,ili perc,1,HHS Region 9,quantile,0.3,2016-03-19,3.186205953375448
2016-03-12,ili perc,1,HHS Region 9,quantile,0.35,2016-03-19,3.233973738130116
2016-03-12,ili perc,1,HHS Region 9,quantile,0.4,2016-03-19,3.284124947966955
2016-03-12,ili perc,1,HHS Region 9,quantile,0.45,2016-03-19,3.3294073585216184
2016-03-12,ili perc,1,HHS Region 9,quantile,0.5,2016-03-19,3.3750993987451783
2016-03-12,ili perc,1,HHS Region 9,quantile,0.55,2016-03-19,3.428035658137636
2016-03-12,ili perc,1,HHS Region 9,quantile,0.6,2016-03-19,3.4827111664113057
2016-03-12,ili perc,1,HHS Region 9,quantile,0.65,2016-03-19,3.537136342156371
2016-03-12,ili perc,1,HHS Region 9,quantile,0.7,2016-03-19,3.6002787518289225
2016-03-12,ili perc,1,HHS Region 9,quantile,0.75,2016-03-19,3.668812761259586
2016-03-12,ili perc,1,HHS Region 9,quantile,0.8,2016-03-19,3.771948218435204
2016-03-12,ili perc,1,HHS Region 9,quantile,0.85,2016-03-19,3.902473683368128
2016-03-12,ili perc,1,HHS Region 9,quantile,0.9,2016-03-19,4.091675092644747
2016-03-12,ili perc,1,HHS Region 9,quantile,0.95,2016-03-19,4.429534575017955
2016-03-12,ili perc,1,HHS Region 9,quantile,0.975,2016-03-19,4.8472496490835155
2016-03-12,ili perc,1,HHS Region 9,quantile,0.99,2016-03-19,6.294690756217184
2016-03-12,ili perc,2,HHS Region 9,quantile,0.01,2016-03-26,1.7466426476867558
2016-03-12,ili perc,2,HHS Region 9,quantile,0.025,2016-03-26,2.0251505767699385
2016-03-12,ili perc,2,HHS Region 9,quantile,0.05,2016-03-26,2.2077990094098072
2016-03-12,ili perc,2,HHS Region 9,quantile,0.1,2016-03-26,2.479443706222852
2016-03-12,ili perc,2,HHS Region 9,quantile,0.15,2016-03-26,2.6701950982958316
2016-03-12,ili perc,2,HHS Region 9,quantile,0.2,2016-03-26,2.7829065570764064
2016-03-12,ili perc,2,HHS Region 9,quantile,0.25,2016-03-26,2.8880809152388633
2016-03-12,ili perc,2,HHS Region 9,quantile,0.3,2016-03-26,2.982659298644418
2016-03-12,ili perc,2,HHS Region 9,quantile,0.35,2016-03-26,3.063993927610273
2016-03-12,ili perc,2,HHS Region 9,quantile,0.4,2016-03-26,3.140444014418776
2016-03-12,ili perc,2,HHS Region 9,quantile,0.45,2016-03-26,3.198154629584787
2016-03-12,ili perc,2,HHS Region 9,quantile,0.5,2016-03-26,3.2772761729564297
2016-03-12,ili perc,2,HHS Region 9,quantile,0.55,2016-03-26,3.3566517605774635
2016-03-12,ili perc,2,HHS Region 9,quantile,0.6,2016-03-26,3.441572878735518
2016-03-12,ili perc,2,HHS Region 9,quantile,0.65,2016-03-26,3.5306864085396468
2016-03-12,ili perc,2,HHS Region 9,quantile,0.7,2016-03-26,3.624324380294913
2016-03-12,ili perc,2,HHS Region 9,quantile,0.75,2016-03-26,3.734741463430594
2016-03-12,ili perc,2,HHS Region 9,quantile,0.8,2016-03-26,3.854110774258371
2016-03-12,ili perc,2,HHS Region 9,quantile,0.85,2016-03-26,4.0573280770134135
2016-03-12,ili perc,2,HHS Region 9,quantile,0.9,2016-03-26,4.311299467708773
2016-03-12,ili perc,2,HHS Region 9,quantile,0.95,2016-03-26,4.806808871297384
2016-03-12,ili perc,2,HHS Region 9,quantile,0.975,2016-03-26,5.2659665749290365
2016-03-12,ili perc,2,HHS Region 9,quantile,0.99,2016-03-26,6.423127491503393
2016-03-12,ili perc,3,HHS Region 9,quantile,0.01,2016-04-02,1.4771402583848896
2016-03-12,ili perc,3,HHS Region 9,quantile,0.025,2016-04-02,1.713138107582458
2016-03-12,ili perc,3,HHS Region 9,quantile,0.05,2016-04-02,1.8871692618511473
2016-03-12,ili perc,3,HHS Region 9,quantile,0.1,2016-04-02,2.133412389741512
2016-03-12,ili perc,3,HHS Region 9,quantile,0.15,2016-04-02,2.3093953733041657
2016-03-12,ili perc,3,HHS Region 9,quantile,0.2,2016-04-02,2.4381694127927234
2016-03-12,ili perc,3,HHS Region 9,quantile,0.25,2016-04-02,2.5538928268458294
2016-03-12,ili perc,3,HHS Region 9,quantile,0.3,2016-04-02,2.64016257851986
2016-03-12,ili perc,3,HHS Region 9,quantile,0.35,2016-04-02,2.7345319566843376
2016-03-12,ili perc,3,HHS Region 9,quantile,0.4,2016-04-02,2.8292861267461493
2016-03-12,ili perc,3,HHS Region 9,quantile,0.45,2016-04-02,2.9268930581853567
2016-03-12,ili perc,3,HHS Region 9,quantile,0.5,2016-04-02,3.01559859398275
2016-03-12,ili perc,3,HHS Region 9,quantile,0.55,2016-04-02,3.1152822383298577
2016-03-12,ili perc,3,HHS Region 9,quantile,0.6,2016-04-02,3.212543078554664
2016-03-12,ili perc,3,HHS Region 9,quantile,0.65,2016-04-02,3.3038389766519107
2016-03-12,ili perc,3,HHS Region 9,quantile,0.7,2016-04-02,3.448562710961704
2016-03-12,ili perc,3,HHS Region 9,quantile,0.75,2016-04-02,3.563778622224193
2016-03-12,ili perc,3,HHS Region 9,quantile,0.8,2016-04-02,3.728488966481375
2016-03-12,ili perc,3,HHS Region 9,quantile,0.85,2016-04-02,3.942354320221397
2016-03-12,ili perc,3,HHS Region 9,quantile,0.9,2016-04-02,4.1895820267235075
2016-03-12,ili perc,3,HHS Region 9,quantile,0.95,2016-04-02,4.666928120489026
2016-03-12,ili perc,3,HHS Region 9,quantile,0.975,2016-04-02,5.275122142373832
2016-03-12,ili perc,3,HHS Region 9,quantile,0.99,2016-04-02,6.61169238414111
2016-03-12,ili perc,4,HHS Region 9,quantile,0.01,2016-04-09,1.2280265065022962
2016-03-12,ili perc,4,HHS Region 9,quantile,0.025,2016-04-09,1.438724896344886
2016-03-12,ili perc,4,HHS Region 9,quantile,0.05,2016-04-09,1.648776176878504
2016-03-12,ili perc,4,HHS Region 9,quantile,0.1,2016-04-09,1.8926070365113896
2016-03-12,ili perc,4,HHS Region 9,quantile,0.15,2016-04-09,2.0436095508912984
2016-03-12,ili perc,4,HHS Region 9,quantile,0.2,2016-04-09,2.204568875961549
2016-03-12,ili perc,4,HHS Region 9,quantile,0.25,2016-04-09,2.3109237020753826
2016-03-12,ili perc,4,HHS Region 9,quantile,0.3,2016-04-09,2.424856396660196
2016-03-12,ili perc,4,HHS Region 9,quantile,0.35,2016-04-09,2.512835115532938
2016-03-12,ili perc,4,HHS Region 9,quantile,0.4,2016-04-09,2.618074960820713
2016-03-12,ili perc,4,HHS Region 9,quantile,0.45,2016-04-09,2.731927361773319
2016-03-12,ili perc,4,HHS Region 9,quantile,0.5,2016-04-09,2.838840660188769
2016-03-12,ili perc,4,HHS Region 9,quantile,0.55,2016-04-09,2.936831068954626
2016-03-12,ili perc,4,HHS Region 9,quantile,0.6,2016-04-09,3.0426790903438525
2016-03-12,ili perc,4,HHS Region 9,quantile,0.65,2016-04-09,3.1623763811687624
2016-03-12,ili perc,4,HHS Region 9,quantile,0.7,2016-04-09,3.2921340337841065
2016-03-12,ili perc,4,HHS Region 9,quantile,0.75,2016-04-09,3.455685002088146
2016-03-12,ili perc,4,HHS Region 9,quantile,0.8,2016-04-09,3.634104357725036
2016-03-12,ili perc,4,HHS Region 9,quantile,0.85,2016-04-09,3.8800032813294303
2016-03-12,ili perc,4,HHS Region 9,quantile,0.9,2016-04-09,4.171815769722099
2016-03-12,ili perc,4,HHS Region 9,quantile,0.95,2016-04-09,4.676964512599288
2016-03-12,ili perc,4,HHS Region 9,quantile,0.975,2016-04-09,5.144485035015007
2016-03-12,ili perc,4,HHS Region 9,quantile,0.99,2016-04-09,6.624033405525561
2016-03-12,ili perc,1,US National,quantile,0.01,2016-03-19,2.363603592790732
2016-03-12,ili perc,1,US National,quantile,0.025,2016-03-19,2.562059201942291
2016-03-12,ili perc,1,US National,quantile,0.05,2016-03-19,2.675724387163455
2016-03-12,ili perc,1,US National,quantile,0.1,2016-03-19,2.8248657079852513
2016-03-12,ili perc,1,US National,quantile,0.15,2016-03-19,2.908967425296133
2016-03-12,ili perc,1,US National,quantile,0.2,2016-03-19,2.987068778196369
2016-03-12,ili perc,1,US National,quantile,0.25,2016-03-19,3.0518128001620823
2016-03-12,ili perc,1,US National,quantile,0.3,2016-03-19,3.1057740717961515
2016-03-12,ili perc,1,US National,quantile,0.35,2016-03-19,3.1548465222854833
2016-03-12,ili perc,1,US National,quantile,0.4,2016-03-19,3.1958401577659004
2016-03-12,ili perc,1,US National,quantile,0.45,2016-03-19,3.232857337603901
2016-03-12,ili perc,1,US National,quantile,0.5,2016-03-19,3.2691570376098142
2016-03-12,ili perc,1,US National,quantile,0.55,2016-03-19,3.311534189904587
2016-03-12,ili perc,1,US National,quantile,0.6,2016-03-19,3.3505334236027697
2016-03-12,ili perc,1,US National,quantile,0.65,2016-03-19,3.3943956615291353
2016-03-12,ili perc,1,US National,quantile,0.7,2016-03-19,3.4467021209639355
2016-03-12,ili perc,1,US National,quantile,0.75,2016-03-19,3.5058056798523323
2016-03-12,ili perc,1,US National,quantile,0.8,2016-03-19,3.56913596981331
2016-03-12,ili perc,1,US National,quantile,0.85,2016-03-19,3.6433147050828607
2016-03-12,ili perc,1,US National,quantile,0.9,2016-03-19,3.767716954513915
2016-03-12,ili perc,1,US National,quantile,0.95,2016-03-19,3.957559062194836
2016-03-12,ili perc,1,US National,quantile,0.975,2016-03-19,4.1714776104479725
2016-03-12,ili perc,1,US National,quantile,0.99,2016-03-19,4.91716100222488
2016-03-12,ili perc,2,US National,quantile,0.01,2016-03-26,1.9021678927318812
2016-03-12,ili perc,2,US National,quantile,0.025,2016-03-26,2.0903298788735865
2016-03-12,ili perc,2,US National,quantile,0.05,2016-03-26,2.227229998840253
2016-03-12,ili perc,2,US National,quantile,0.1,2016-03-26,2.4029520165862817
2016-03-12,ili perc,2,US National,quantile,0.15,2016-03-26,2.520272084733639
2016-03-12,ili perc,2,US National,quantile,0.2,2016-03-26,2.624899770811051
2016-03-12,ili perc,2,US National,quantile,0.25,2016-03-26,2.6944770868161134
2016-03-12,ili perc,2,US National,quantile,0.3,2016-03-26,2.770898004970198
2016-03-12,ili perc,2,US National,quantile,0.35,2016-03-26,2.8371088179266377
2016-03-12,ili perc,2,US National,quantile,0.4,2016-03-26,2.9061913782528284
2016-03-12,ili perc,2,US National,quantile,0.45,2016-03-26,2.97104542560365
2016-03-12,ili perc,2,US National,quantile,0.5,2016-03-26,3.0263714604654006
2016-03-12,ili perc,2,US National,quantile,0.55,2016-03-26,3.079859340833065
2016-03-12,ili perc,2,US National,quantile,0.6,2016-03-26,3.136936598431472
2016-03-12,ili perc,2,US National,quantile,0.65,2016-03-26,3.198476465019228
2016-03-12,ili perc,2,US National,quantile,0.7,2016-03-26,3.2733475327976005
2016-03-12,ili perc,2,US National,quantile,0.75,2016-03-26,3.3458875515841187
2016-03-12,ili perc,2,US National,quantile,0.8,2016-03-26,3.4287814930911593
2016-03-12,ili perc,2,US National,quantile,0.85,2016-03-26,3.5530420817441057
2016-03-12,ili perc,2,US National,quantile,0.9,2016-03-26,3.7052318030854168
2016-03-12,ili perc,2,US National,quantile,0.95,2016-03-26,3.956402037941776
2016-03-12,ili perc,2,US National,quantile,0.975,2016-03-26,4.2880243530402495
2016-03-12,ili perc,2,US National,quantile,0.99,2016-03-26,5.152828360856647
2016-03-12,ili perc,3,US National,quantile,0.01,2016-04-02,1.6640807436185108
2016-03-12,ili perc,3,US National,quantile,0.025,2016-04-02,1.8573094215324333
2016-03-12,ili perc,3,US National,quantile,0.05,2016-04-02,1.9745584252302812
2016-03-12,ili perc,3,US National,quantile,0.1,2016-04-02,2.143231467517756
2016-03-12,ili perc,3,US National,quantile,0.15,2016-04-02,2.2601000145269494
2016-03-12,ili perc,3,US National,quantile,0.2,2016-04-02,2.353251555716537
2016-03-12,ili perc,3,US National,quantile,0.25,2016-04-02,2.441138767284622
2016-03-12,ili perc,3,US National,quantile,0.3,2016-04-02,2.5183155837081466
2016-03-12,ili perc,3,US National,quantile,0.35,2016-04-02,2.588333756704391
2016-03-12,ili perc,3,US National,quantile,0.4,2016-04-02,2.6538661234208867
2016-03-12,ili perc,3,US National,quantile,0.45,2016-04-02,2.725770269552833
2016-03-12,ili perc,3,US National,quantile,0.5,2016-04-02,2.7988548081898204
2016-03-12,ili perc,3,US National,quantile,0.55,2016-04-02,2.874750787709255
2016-03-12,ili perc,3,US National,quantile,0.6,2016-04-02,2.9454097364744523
2016-03-12,ili perc,3,US National,quantile,0.65,2016-04-02,3.0221716936501655
2016-03-12,ili perc,3,US National,quantile,0.7,2016-04-02,3.1049559343190674
2016-03-12,ili perc,3,US National,quantile,0.75,2016-04-02,3.1936120246138957
2016-03-12,ili perc,3,US National,quantile,0.8,2016-04-02,3.30275695348232
2016-03-12,ili perc,3,US National,quantile,0.85,2016-04-02,3.433998873835053
2016-03-12,ili perc,3,US National,quantile,0.9,2016-04-02,3.595772488839049
2016-03-12,ili perc,3,US National,quantile,0.95,2016-04-02,3.91159202776214
2016-03-12,ili perc,3,US National,quantile,0.975,2016-04-02,4.208698608215786
2016-03-12,ili perc,3,US National,quantile,0.99,2016-04-02,5.446453247667045
2016-03-12,ili perc,4,US National,quantile,0.01,2016-04-09,1.3866293546869486
2016-03-12,ili perc,4,US National,quantile,0.025,2016-04-09,1.529404891116077
2016-03-12,ili perc,4,US National,quantile,0.05,2016-04-09,1.6577039397104103
2016-03-12,ili perc,4,US National,quantile,0.1,2016-04-09,1.8097143725470253
2016-03-12,ili perc,4,US National,quantile,0.15,2016-04-09,1.931904215867523
2016-03-12,ili perc,4,US National,quantile,0.2,2016-04-09,2.0464039659500224
2016-03-12,ili perc,4,US National,quantile,0.25,2016-04-09,2.1391651680274766
2016-03-12,ili perc,4,US National,quantile,0.3,2016-04-09,2.2087280163412175
2016-03-12,ili perc,4,US National,quantile,0.35,2016-04-09,2.2874396455751556
2016-03-12,ili perc,4,US National,quantile,0.4,2016-04-09,2.368698843216401
2016-03-12,ili perc,4,US National,quantile,0.45,2016-04-09,2.442204332908981
2016-03-12,ili perc,4,US National,quantile,0.5,2016-04-09,2.510673816809891
2016-03-12,ili perc,4,US National,quantile,0.55,2016-04-09,2.579017183550515
2016-03-12,ili perc,4,US National,quantile,0.6,2016-04-09,2.66128203557996
2016-03-12,ili perc,4,US National,quantile,0.65,2016-04-09,2.752481339188819
2016-03-12,ili perc,4,US National,quantile,0.7,2016-04-09,2.8355857393430255
2016-03-12,ili perc,4,US National,quantile,0.75,2016-04-09,2.9273272684039053
2016-03-12,ili perc,4,US National,quantile,0.8,2016-04-09,3.029912432443223
2016-03-12,ili perc,4,US National,quantile,0.85,2016-04-09,3.1575031396792412
2016-03-12,ili perc,4,US National,quantile,0.9,2016-04-09,3.3548836221385328
2016-03-12,ili perc,4,US National,quantile,0.95,2016-04-09,3.729369799815225
2016-03-12,ili perc,4,US National,quantile,0.975,2016-04-09,4.135066239471906
2016-03-12,ili perc,4,US National,quantile,0.99,2016-04-09,5.691516039445004
