origin_date,location,target,horizon,target_end_date,output_type,output_type_id,value
2018-12-01,HHS Region 1,ili perc,1,2018-12-08,quantile,0.01,0
2018-12-01,HHS Region 1,ili perc,1,2018-12-08,quantile,0.025,0.0667526352964336
2018-12-01,HHS Region 1,ili perc,1,2018-12-08,quantile,0.05,0.5421248591117249
2018-12-01,HHS Region 1,ili perc,1,2018-12-08,quantile,0.1,1.05967891200616
2018-12-01,HHS Region 1,ili perc,1,2018-12-08,quantile,0.15,1.2937607971437342
2018-12-01,HHS Region 1,ili perc,1,2018-12-08,quantile,0.2,1.405781792530553
2018-12-01,HHS Region 1,ili perc,1,2018-12-08,quantile,0.25,1.4579476129299154
2018-12-01,HHS Region 1,ili perc,1,2018-12-08,quantile,0.3,1.509032230596806
2018-12-01,HHS Region 1,ili perc,1,2018-12-08,quantile,0.35,1.5544097359423517
2018-12-01,HHS Region 1,ili perc,1,2018-12-08,quantile,0.4,1.5996852055854325
2018-12-01,HHS Region 1,ili perc,1,2018-12-08,quantile,0.45,1.6242344601452539
2018-12-01,HHS Region 1,ili perc,1,2018-12-08,quantile,0.5,1.6513176853506728
2018-12-01,HHS Region 1,ili perc,1,2018-12-08,quantile,0.55,1.6968506162392416
2018-12-01,HHS Region 1,ili perc,1,2018-12-08,quantile,0.6,1.7362866853506729
2018-12-01,HHS Region 1,ili perc,1,2018-12-08,quantile,0.65,1.7763581624307418
2018-12-01,HHS Region 1,ili perc,1,2018-12-08,quantile,0.7,1.8169807400096454
2018-12-01,HHS Region 1,ili perc,1,2018-12-08,quantile,0.75,1.8648148816589147
2018-12-01,HHS Region 1,ili perc,1,2018-12-08,quantile,0.8,1.9569641078864797
2018-12-01,HHS Region 1,ili perc,1,2018-12-08,quantile,0.85,2.060211141926176
2018-12-01,HHS Region 1,ili perc,1,2018-12-08,quantile,0.9,2.3414568061460517
2018-12-01,HHS Region 1,ili perc,1,2018-12-08,quantile,0.95,2.8140975203799554
2018-12-01,HHS Region 1,ili perc,1,2018-12-08,quantile,0.975,3.1190485531490504
2018-12-01,HHS Region 1,ili perc,1,2018-12-08,quantile,0.99,3.8388900084806483
2018-12-01,HHS Region 1,ili perc,2,2018-12-15,quantile,0.01,0
2018-12-01,HHS Region 1,ili perc,2,2018-12-15,quantile,0.025,0.3108846853506728
2018-12-01,HHS Region 1,ili perc,2,2018-12-15,quantile,0.05,0.8106253833505428
2018-12-01,HHS Region 1,ili perc,2,2018-12-15,quantile,0.1,1.3399079046732272
2018-12-01,HHS Region 1,ili perc,2,2018-12-15,quantile,0.15,1.5097156853506728
2018-12-01,HHS Region 1,ili perc,2,2018-12-15,quantile,0.2,1.586510685350673
2018-12-01,HHS Region 1,ili perc,2,2018-12-15,quantile,0.25,1.6365851282148234
2018-12-01,HHS Region 1,ili perc,2,2018-12-15,quantile,0.3,1.6908946853506728
2018-12-01,HHS Region 1,ili perc,2,2018-12-15,quantile,0.35,1.732068335350673
2018-12-01,HHS Region 1,ili perc,2,2018-12-15,quantile,0.4,1.772869685350673
2018-12-01,HHS Region 1,ili perc,2,2018-12-15,quantile,0.45,1.7934498731561819
2018-12-01,HHS Region 1,ili perc,2,2018-12-15,quantile,0.5,1.8282737587737334
2018-12-01,HHS Region 1,ili perc,2,2018-12-15,quantile,0.55,1.8615221643388238
2018-12-01,HHS Region 1,ili perc,2,2018-12-15,quantile,0.6,1.8959190853506729
2018-12-01,HHS Region 1,ili perc,2,2018-12-15,quantile,0.65,1.9336149022256437
2018-12-01,HHS Region 1,ili perc,2,2018-12-15,quantile,0.7,1.9929486853506728
2018-12-01,HHS Region 1,ili perc,2,2018-12-15,quantile,0.75,2.0474006853506728
2018-12-01,HHS Region 1,ili perc,2,2018-12-15,quantile,0.8,2.1426010172111707
2018-12-01,HHS Region 1,ili perc,2,2018-12-15,quantile,0.85,2.261807885350674
2018-12-01,HHS Region 1,ili perc,2,2018-12-15,quantile,0.9,2.5836946853506726
2018-12-01,HHS Region 1,ili perc,2,2018-12-15,quantile,0.95,3.1007595509071466
2018-12-01,HHS Region 1,ili perc,2,2018-12-15,quantile,0.975,3.452483160350671
2018-12-01,HHS Region 1,ili perc,2,2018-12-15,quantile,0.99,4.250210685350673
2018-12-01,HHS Region 1,ili perc,3,2018-12-22,quantile,0.01,0
2018-12-01,HHS Region 1,ili perc,3,2018-12-22,quantile,0.025,0.6902650092272616
2018-12-01,HHS Region 1,ili perc,3,2018-12-22,quantile,0.05,1.1291748591117248
2018-12-01,HHS Region 1,ili perc,3,2018-12-22,quantile,0.1,1.678320770346126
2018-12-01,HHS Region 1,ili perc,3,2018-12-22,quantile,0.15,1.8720457964958426
2018-12-01,HHS Region 1,ili perc,3,2018-12-22,quantile,0.2,1.9688170974319967
2018-12-01,HHS Region 1,ili perc,3,2018-12-22,quantile,0.25,2.0535926853506727
2018-12-01,HHS Region 1,ili perc,3,2018-12-22,quantile,0.3,2.1097446853506723
2018-12-01,HHS Region 1,ili perc,3,2018-12-22,quantile,0.35,2.1408556853506724
2018-12-01,HHS Region 1,ili perc,3,2018-12-22,quantile,0.4,2.1771414200168056
2018-12-01,HHS Region 1,ili perc,3,2018-12-22,quantile,0.45,2.2032354670312015
2018-12-01,HHS Region 1,ili perc,3,2018-12-22,quantile,0.5,2.2346102725460018
2018-12-01,HHS Region 1,ili perc,3,2018-12-22,quantile,0.55,2.280279685350673
2018-12-01,HHS Region 1,ili perc,3,2018-12-22,quantile,0.6,2.3129609146312125
2018-12-01,HHS Region 1,ili perc,3,2018-12-22,quantile,0.65,2.3578246853506726
2018-12-01,HHS Region 1,ili perc,3,2018-12-22,quantile,0.7,2.409355085350673
2018-12-01,HHS Region 1,ili perc,3,2018-12-22,quantile,0.75,2.4714866911408198
2018-12-01,HHS Region 1,ili perc,3,2018-12-22,quantile,0.8,2.5575368725046315
2018-12-01,HHS Region 1,ili perc,3,2018-12-22,quantile,0.85,2.6732636853506726
2018-12-01,HHS Region 1,ili perc,3,2018-12-22,quantile,0.9,3.0202782869019997
2018-12-01,HHS Region 1,ili perc,3,2018-12-22,quantile,0.95,3.522839550907146
2018-12-01,HHS Region 1,ili perc,3,2018-12-22,quantile,0.975,4.058932461120102
2018-12-01,HHS Region 1,ili perc,3,2018-12-22,quantile,0.99,4.866644685350673
2018-12-01,HHS Region 1,ili perc,4,2018-12-29,quantile,0.01,0
2018-12-01,HHS Region 1,ili perc,4,2018-12-29,quantile,0.025,0.7637991511316926
2018-12-01,HHS Region 1,ili perc,4,2018-12-29,quantile,0.05,1.6650303853506727
2018-12-01,HHS Region 1,ili perc,4,2018-12-29,quantile,0.1,2.333306201471195
2018-12-01,HHS Region 1,ili perc,4,2018-12-29,quantile,0.15,2.4761646853506725
2018-12-01,HHS Region 1,ili perc,4,2018-12-29,quantile,0.2,2.5701881507949835
2018-12-01,HHS Region 1,ili perc,4,2018-12-29,quantile,0.25,2.6213126853506727
2018-12-01,HHS Region 1,ili perc,4,2018-12-29,quantile,0.3,2.6678333853506726
2018-12-01,HHS Region 1,ili perc,4,2018-12-29,quantile,0.35,2.7147118355878193
2018-12-01,HHS Region 1,ili perc,4,2018-12-29,quantile,0.4,2.7489766853506725
2018-12-01,HHS Region 1,ili perc,4,2018-12-29,quantile,0.45,2.7826223504119487
2018-12-01,HHS Region 1,ili perc,4,2018-12-29,quantile,0.5,2.815975685350673
2018-12-01,HHS Region 1,ili perc,4,2018-12-29,quantile,0.55,2.8633331146464314
2018-12-01,HHS Region 1,ili perc,4,2018-12-29,quantile,0.6,2.9004626853506728
2018-12-01,HHS Region 1,ili perc,4,2018-12-29,quantile,0.65,2.9423999973226738
2018-12-01,HHS Region 1,ili perc,4,2018-12-29,quantile,0.7,3.0037161729826365
2018-12-01,HHS Region 1,ili perc,4,2018-12-29,quantile,0.75,3.060987681961673
2018-12-01,HHS Region 1,ili perc,4,2018-12-29,quantile,0.8,3.1811502853506726
2018-12-01,HHS Region 1,ili perc,4,2018-12-29,quantile,0.85,3.3162467694616846
2018-12-01,HHS Region 1,ili perc,4,2018-12-29,quantile,0.9,3.547134009647267
2018-12-01,HHS Region 1,ili perc,4,2018-12-29,quantile,0.95,4.109814685350672
2018-12-01,HHS Region 1,ili perc,4,2018-12-29,quantile,0.975,4.33525221035067
2018-12-01,HHS Region 1,ili perc,4,2018-12-29,quantile,0.99,5.013861585350667
2018-12-01,HHS Region 10,ili perc,1,2018-12-08,quantile,0.01,0
2018-12-01,HHS Region 10,ili perc,1,2018-12-08,quantile,0.025,0
2018-12-01,HHS Region 10,ili perc,1,2018-12-08,quantile,0.05,0
2018-12-01,HHS Region 10,ili perc,1,2018-12-08,quantile,0.1,0
2018-12-01,HHS Region 10,ili perc,1,2018-12-08,quantile,0.15,0.26685777855586057
2018-12-01,HHS Region 10,ili perc,1,2018-12-08,quantile,0.2,0.6118950084541483
2018-12-01,HHS Region 10,ili perc,1,2018-12-08,quantile,0.25,0.8134643025725503
2018-12-01,HHS Region 10,ili perc,1,2018-12-08,quantile,0.3,0.8819829785558603
2018-12-01,HHS Region 10,ili perc,1,2018-12-08,quantile,0.35,0.9825376256590729
2018-12-01,HHS Region 10,ili perc,1,2018-12-08,quantile,0.4,1.0301977785558603
2018-12-01,HHS Region 10,ili perc,1,2018-12-08,quantile,0.45,1.1180280285558606
2018-12-01,HHS Region 10,ili perc,1,2018-12-08,quantile,0.5,1.1816787785558605
2018-12-01,HHS Region 10,ili perc,1,2018-12-08,quantile,0.55,1.2189907917595924
2018-12-01,HHS Region 10,ili perc,1,2018-12-08,quantile,0.6,1.3019849785558608
2018-12-01,HHS Region 10,ili perc,1,2018-12-08,quantile,0.65,1.387253109723235
2018-12-01,HHS Region 10,ili perc,1,2018-12-08,quantile,0.7,1.4644585400613914
2018-12-01,HHS Region 10,ili perc,1,2018-12-08,quantile,0.75,1.5574578757714406
2018-12-01,HHS Region 10,ili perc,1,2018-12-08,quantile,0.8,1.7133149478183585
2018-12-01,HHS Region 10,ili perc,1,2018-12-08,quantile,0.85,1.9831199337640202
2018-12-01,HHS Region 10,ili perc,1,2018-12-08,quantile,0.9,2.3880619831252776
2018-12-01,HHS Region 10,ili perc,1,2018-12-08,quantile,0.95,3.0028281995585133
2018-12-01,HHS Region 10,ili perc,1,2018-12-08,quantile,0.975,3.9254530509669348
2018-12-01,HHS Region 10,ili perc,1,2018-12-08,quantile,0.99,5.39729926308852
2018-12-01,HHS Region 10,ili perc,2,2018-12-15,quantile,0.01,0
2018-12-01,HHS Region 10,ili perc,2,2018-12-15,quantile,0.025,0
2018-12-01,HHS Region 10,ili perc,2,2018-12-15,quantile,0.05,0
2018-12-01,HHS Region 10,ili perc,2,2018-12-15,quantile,0.1,0.22449264539288671
2018-12-01,HHS Region 10,ili perc,2,2018-12-15,quantile,0.15,0.5783348003250441
2018-12-01,HHS Region 10,ili perc,2,2018-12-15,quantile,0.2,0.8421787785558603
2018-12-01,HHS Region 10,ili perc,2,2018-12-15,quantile,0.25,1.0079743025725503
2018-12-01,HHS Region 10,ili perc,2,2018-12-15,quantile,0.3,1.1031045785558602
2018-12-01,HHS Region 10,ili perc,2,2018-12-15,quantile,0.35,1.190664708736327
2018-12-01,HHS Region 10,ili perc,2,2018-12-15,quantile,0.4,1.2643941785558603
2018-12-01,HHS Region 10,ili perc,2,2018-12-15,quantile,0.45,1.3263202785558603
2018-12-01,HHS Region 10,ili perc,2,2018-12-15,quantile,0.5,1.3746677785558603
2018-12-01,HHS Region 10,ili perc,2,2018-12-15,quantile,0.55,1.4264042785558604
2018-12-01,HHS Region 10,ili perc,2,2018-12-15,quantile,0.6,1.500877978555861
2018-12-01,HHS Region 10,ili perc,2,2018-12-15,quantile,0.65,1.5767159210148942
2018-12-01,HHS Region 10,ili perc,2,2018-12-15,quantile,0.7,1.659759648649736
2018-12-01,HHS Region 10,ili perc,2,2018-12-15,quantile,0.75,1.7499120857240413
2018-12-01,HHS Region 10,ili perc,2,2018-12-15,quantile,0.8,1.911900162347135
2018-12-01,HHS Region 10,ili perc,2,2018-12-15,quantile,0.85,2.171633074158811
2018-12-01,HHS Region 10,ili perc,2,2018-12-15,quantile,0.9,2.568513778555861
2018-12-01,HHS Region 10,ili perc,2,2018-12-15,quantile,0.95,3.32768619860905
2018-12-01,HHS Region 10,ili perc,2,2018-12-15,quantile,0.975,3.81604544035658
2018-12-01,HHS Region 10,ili perc,2,2018-12-15,quantile,0.99,5.091666764329941
2018-12-01,HHS Region 10,ili perc,3,2018-12-22,quantile,0.01,0
2018-12-01,HHS Region 10,ili perc,3,2018-12-22,quantile,0.025,0
2018-12-01,HHS Region 10,ili perc,3,2018-12-22,quantile,0.05,0
2018-12-01,HHS Region 10,ili perc,3,2018-12-22,quantile,0.1,0.8100756785558605
2018-12-01,HHS Region 10,ili perc,3,2018-12-22,quantile,0.15,1.3103643448230087
2018-12-01,HHS Region 10,ili perc,3,2018-12-22,quantile,0.2,1.6454022568518565
2018-12-01,HHS Region 10,ili perc,3,2018-12-22,quantile,0.25,1.8406787785558603
2018-12-01,HHS Region 10,ili perc,3,2018-12-22,quantile,0.3,1.9241482922748783
2018-12-01,HHS Region 10,ili perc,3,2018-12-22,quantile,0.35,2.0191285785558604
2018-12-01,HHS Region 10,ili perc,3,2018-12-22,quantile,0.4,2.0602673640669207
2018-12-01,HHS Region 10,ili perc,3,2018-12-22,quantile,0.45,2.1267721508632276
2018-12-01,HHS Region 10,ili perc,3,2018-12-22,quantile,0.5,2.1896977785558605
2018-12-01,HHS Region 10,ili perc,3,2018-12-22,quantile,0.55,2.2261539200888545
2018-12-01,HHS Region 10,ili perc,3,2018-12-22,quantile,0.6,2.2771869785558607
2018-12-01,HHS Region 10,ili perc,3,2018-12-22,quantile,0.65,2.3680992785558606
2018-12-01,HHS Region 10,ili perc,3,2018-12-22,quantile,0.7,2.4717769785558605
2018-12-01,HHS Region 10,ili perc,3,2018-12-22,quantile,0.75,2.5524558117683016
2018-12-01,HHS Region 10,ili perc,3,2018-12-22,quantile,0.8,2.725192178555861
2018-12-01,HHS Region 10,ili perc,3,2018-12-22,quantile,0.85,3.0483784785558603
2018-12-01,HHS Region 10,ili perc,3,2018-12-22,quantile,0.9,3.381734331937383
2018-12-01,HHS Region 10,ili perc,3,2018-12-22,quantile,0.95,3.997618778555859
2018-12-01,HHS Region 10,ili perc,3,2018-12-22,quantile,0.975,4.598021460940806
2018-12-01,HHS Region 10,ili perc,3,2018-12-22,quantile,0.99,6.1233608965506825
2018-12-01,HHS Region 10,ili perc,4,2018-12-29,quantile,0.01,0
2018-12-01,HHS Region 10,ili perc,4,2018-12-29,quantile,0.025,0.82565518979639
2018-12-01,HHS Region 10,ili perc,4,2018-12-29,quantile,0.05,1.957418888017445
2018-12-01,HHS Region 10,ili perc,4,2018-12-29,quantile,0.1,2.8629205020721598
2018-12-01,HHS Region 10,ili perc,4,2018-12-29,quantile,0.15,3.493782387234473
2018-12-01,HHS Region 10,ili perc,4,2018-12-29,quantile,0.2,3.8493904163962065
2018-12-01,HHS Region 10,ili perc,4,2018-12-29,quantile,0.25,4.05086577855586
2018-12-01,HHS Region 10,ili perc,4,2018-12-29,quantile,0.3,4.137161405006204
2018-12-01,HHS Region 10,ili perc,4,2018-12-29,quantile,0.35,4.222953910241994
2018-12-01,HHS Region 10,ili perc,4,2018-12-29,quantile,0.4,4.2593587785558595
2018-12-01,HHS Region 10,ili perc,4,2018-12-29,quantile,0.45,4.333301678555859
2018-12-01,HHS Region 10,ili perc,4,2018-12-29,quantile,0.5,4.391901125212355
2018-12-01,HHS Region 10,ili perc,4,2018-12-29,quantile,0.55,4.445147647709876
2018-12-01,HHS Region 10,ili perc,4,2018-12-29,quantile,0.6,4.52474017855586
2018-12-01,HHS Region 10,ili perc,4,2018-12-29,quantile,0.65,4.615638441022315
2018-12-01,HHS Region 10,ili perc,4,2018-12-29,quantile,0.7,4.694154412587628
2018-12-01,HHS Region 10,ili perc,4,2018-12-29,quantile,0.75,4.8304170587874236
2018-12-01,HHS Region 10,ili perc,4,2018-12-29,quantile,0.8,5.027863645383469
2018-12-01,HHS Region 10,ili perc,4,2018-12-29,quantile,0.85,5.280249814601262
2018-12-01,HHS Region 10,ili perc,4,2018-12-29,quantile,0.9,5.6184477785558595
2018-12-01,HHS Region 10,ili perc,4,2018-12-29,quantile,0.95,6.36575619860905
2018-12-01,HHS Region 10,ili perc,4,2018-12-29,quantile,0.975,7.158033050966935
2018-12-01,HHS Region 10,ili perc,4,2018-12-29,quantile,0.99,8.398907315309561
2018-12-01,HHS Region 2,ili perc,1,2018-12-08,quantile,0.01,0
2018-12-01,HHS Region 2,ili perc,1,2018-12-08,quantile,0.025,0.36520487238915667
2018-12-01,HHS Region 2,ili perc,1,2018-12-08,quantile,0.05,1.0120663723891559
2018-12-01,HHS Region 2,ili perc,1,2018-12-08,quantile,0.1,1.6272229830674756
2018-12-01,HHS Region 2,ili perc,1,2018-12-08,quantile,0.15,2.078416805543174
2018-12-01,HHS Region 2,ili perc,1,2018-12-08,quantile,0.2,2.384172478574016
2018-12-01,HHS Region 2,ili perc,1,2018-12-08,quantile,0.25,2.5204363723891556
2018-12-01,HHS Region 2,ili perc,1,2018-12-08,quantile,0.3,2.654713506062322
2018-12-01,HHS Region 2,ili perc,1,2018-12-08,quantile,0.35,2.7506790373055074
2018-12-01,HHS Region 2,ili perc,1,2018-12-08,quantile,0.4,2.864486372389156
2018-12-01,HHS Region 2,ili perc,1,2018-12-08,quantile,0.45,2.989672480131941
2018-12-01,HHS Region 2,ili perc,1,2018-12-08,quantile,0.5,3.095934828869054
2018-12-01,HHS Region 2,ili perc,1,2018-12-08,quantile,0.55,3.1923918821725517
2018-12-01,HHS Region 2,ili perc,1,2018-12-08,quantile,0.6,3.279556984999018
2018-12-01,HHS Region 2,ili perc,1,2018-12-08,quantile,0.65,3.3863832337281257
2018-12-01,HHS Region 2,ili perc,1,2018-12-08,quantile,0.7,3.535894372389156
2018-12-01,HHS Region 2,ili perc,1,2018-12-08,quantile,0.75,3.744272372389157
2018-12-01,HHS Region 2,ili perc,1,2018-12-08,quantile,0.8,3.911079372389156
2018-12-01,HHS Region 2,ili perc,1,2018-12-08,quantile,0.85,4.200122372389158
2018-12-01,HHS Region 2,ili perc,1,2018-12-08,quantile,0.9,4.852473853538117
2018-12-01,HHS Region 2,ili perc,1,2018-12-08,quantile,0.95,5.608934635530267
2018-12-01,HHS Region 2,ili perc,1,2018-12-08,quantile,0.975,6.634747872389155
2018-12-01,HHS Region 2,ili perc,1,2018-12-08,quantile,0.99,7.491576372389156
2018-12-01,HHS Region 2,ili perc,2,2018-12-15,quantile,0.01,0
2018-12-01,HHS Region 2,ili perc,2,2018-12-15,quantile,0.025,0.47236962238915625
2018-12-01,HHS Region 2,ili perc,2,2018-12-15,quantile,0.05,1.4495963723891565
2018-12-01,HHS Region 2,ili perc,2,2018-12-15,quantile,0.1,2.2385061959206163
2018-12-01,HHS Region 2,ili perc,2,2018-12-15,quantile,0.15,2.5635963723891564
2018-12-01,HHS Region 2,ili perc,2,2018-12-15,quantile,0.2,2.8230754573370445
2018-12-01,HHS Region 2,ili perc,2,2018-12-15,quantile,0.25,2.965054002353872
2018-12-01,HHS Region 2,ili perc,2,2018-12-15,quantile,0.3,3.125698479474146
2018-12-01,HHS Region 2,ili perc,2,2018-12-15,quantile,0.35,3.2183381237773103
2018-12-01,HHS Region 2,ili perc,2,2018-12-15,quantile,0.4,3.354952176248701
2018-12-01,HHS Region 2,ili perc,2,2018-12-15,quantile,0.45,3.4892510105210532
2018-12-01,HHS Region 2,ili perc,2,2018-12-15,quantile,0.5,3.5985403723891562
2018-12-01,HHS Region 2,ili perc,2,2018-12-15,quantile,0.55,3.6664343039225162
2018-12-01,HHS Region 2,ili perc,2,2018-12-15,quantile,0.6,3.76932041170003
2018-12-01,HHS Region 2,ili perc,2,2018-12-15,quantile,0.65,3.901429323564062
2018-12-01,HHS Region 2,ili perc,2,2018-12-15,quantile,0.7,4.06708342103902
2018-12-01,HHS Region 2,ili perc,2,2018-12-15,quantile,0.75,4.222076122389156
2018-12-01,HHS Region 2,ili perc,2,2018-12-15,quantile,0.8,4.415394432480176
2018-12-01,HHS Region 2,ili perc,2,2018-12-15,quantile,0.85,4.6855253191990265
2018-12-01,HHS Region 2,ili perc,2,2018-12-15,quantile,0.9,5.262188916452843
2018-12-01,HHS Region 2,ili perc,2,2018-12-15,quantile,0.95,6.0156073723891526
2018-12-01,HHS Region 2,ili perc,2,2018-12-15,quantile,0.975,7.017814512954147
2018-12-01,HHS Region 2,ili perc,2,2018-12-15,quantile,0.99,8.236225567221076
2018-12-01,HHS Region 2,ili perc,3,2018-12-22,quantile,0.01,0.12242173694226999
2018-12-01,HHS Region 2,ili perc,3,2018-12-22,quantile,0.025,1.1676681223891554
2018-12-01,HHS Region 2,ili perc,3,2018-12-22,quantile,0.05,2.1542096565380824
2018-12-01,HHS Region 2,ili perc,3,2018-12-22,quantile,0.1,2.825199834019186
2018-12-01,HHS Region 2,ili perc,3,2018-12-22,quantile,0.15,3.250556805543174
2018-12-01,HHS Region 2,ili perc,3,2018-12-22,quantile,0.2,3.519777205717196
2018-12-01,HHS Region 2,ili perc,3,2018-12-22,quantile,0.25,3.630048588792406
2018-12-01,HHS Region 2,ili perc,3,2018-12-22,quantile,0.3,3.7688388621159463
2018-12-01,HHS Region 2,ili perc,3,2018-12-22,quantile,0.35,3.9133675798888605
2018-12-01,HHS Region 2,ili perc,3,2018-12-22,quantile,0.4,4.048630336785947
2018-12-01,HHS Region 2,ili perc,3,2018-12-22,quantile,0.45,4.188670409421202
2018-12-01,HHS Region 2,ili perc,3,2018-12-22,quantile,0.5,4.296841818221077
2018-12-01,HHS Region 2,ili perc,3,2018-12-22,quantile,0.55,4.401923372389156
2018-12-01,HHS Region 2,ili perc,3,2018-12-22,quantile,0.6,4.519964365605986
2018-12-01,HHS Region 2,ili perc,3,2018-12-22,quantile,0.65,4.634119323564062
2018-12-01,HHS Region 2,ili perc,3,2018-12-22,quantile,0.7,4.785967622547274
2018-12-01,HHS Region 2,ili perc,3,2018-12-22,quantile,0.75,4.936316622389156
2018-12-01,HHS Region 2,ili perc,3,2018-12-22,quantile,0.8,5.083916610134228
2018-12-01,HHS Region 2,ili perc,3,2018-12-22,quantile,0.85,5.355689872389157
2018-12-01,HHS Region 2,ili perc,3,2018-12-22,quantile,0.9,5.871106372389156
2018-12-01,HHS Region 2,ili perc,3,2018-12-22,quantile,0.95,6.743766372389157
2018-12-01,HHS Region 2,ili perc,3,2018-12-22,quantile,0.975,7.806887872389154
2018-12-01,HHS Region 2,ili perc,3,2018-12-22,quantile,0.99,8.666753465504424
2018-12-01,HHS Region 2,ili perc,4,2018-12-29,quantile,0.01,1.0788436255853067
2018-12-01,HHS Region 2,ili perc,4,2018-12-29,quantile,0.025,1.7429656223891568
2018-12-01,HHS Region 2,ili perc,4,2018-12-29,quantile,0.05,2.4494389417119864
2018-12-01,HHS Region 2,ili perc,4,2018-12-29,quantile,0.1,3.1640298640952302
2018-12-01,HHS Region 2,ili perc,4,2018-12-29,quantile,0.15,3.5675299223891566
2018-12-01,HHS Region 2,ili perc,4,2018-12-29,quantile,0.2,3.778697332706669
2018-12-01,HHS Region 2,ili perc,4,2018-12-29,quantile,0.25,3.9165920077058267
2018-12-01,HHS Region 2,ili perc,4,2018-12-29,quantile,0.3,4.050130127180356
2018-12-01,HHS Region 2,ili perc,4,2018-12-29,quantile,0.35,4.1216980223382755
2018-12-01,HHS Region 2,ili perc,4,2018-12-29,quantile,0.4,4.269564274768561
2018-12-01,HHS Region 2,ili perc,4,2018-12-29,quantile,0.45,4.391840409421202
2018-12-01,HHS Region 2,ili perc,4,2018-12-29,quantile,0.5,4.506777343039496
2018-12-01,HHS Region 2,ili perc,4,2018-12-29,quantile,0.55,4.594996372389156
2018-12-01,HHS Region 2,ili perc,4,2018-12-29,quantile,0.6,4.700611988113506
2018-12-01,HHS Region 2,ili perc,4,2018-12-29,quantile,0.65,4.821566079322436
2018-12-01,HHS Region 2,ili perc,4,2018-12-29,quantile,0.7,4.961882093878766
2018-12-01,HHS Region 2,ili perc,4,2018-12-29,quantile,0.75,5.117069872389157
2018-12-01,HHS Region 2,ili perc,4,2018-12-29,quantile,0.8,5.326600372389156
2018-12-01,HHS Region 2,ili perc,4,2018-12-29,quantile,0.85,5.567181372389157
2018-12-01,HHS Region 2,ili perc,4,2018-12-29,quantile,0.9,6.054761667865114
2018-12-01,HHS Region 2,ili perc,4,2018-12-29,quantile,0.95,6.946936372389157
2018-12-01,HHS Region 2,ili perc,4,2018-12-29,quantile,0.975,7.915013093016173
2018-12-01,HHS Region 2,ili perc,4,2018-12-29,quantile,0.99,8.89424937292206
2018-12-01,HHS Region 3,ili perc,1,2018-12-08,quantile,0.01,0
2018-12-01,HHS Region 3,ili perc,1,2018-12-08,quantile,0.025,0
2018-12-01,HHS Region 3,ili perc,1,2018-12-08,quantile,0.05,0
2018-12-01,HHS Region 3,ili perc,1,2018-12-08,quantile,0.1,0.554007266583767
2018-12-01,HHS Region 3,ili perc,1,2018-12-08,quantile,0.15,0.8053571870391525
2018-12-01,HHS Region 3,ili perc,1,2018-12-08,quantile,0.2,1.0153894128020173
2018-12-01,HHS Region 3,ili perc,1,2018-12-08,quantile,0.25,1.1781326997723112
2018-12-01,HHS Region 3,ili perc,1,2018-12-08,quantile,0.3,1.3128407006913674
2018-12-01,HHS Region 3,ili perc,1,2018-12-08,quantile,0.35,1.4140869751428884
2018-12-01,HHS Region 3,ili perc,1,2018-12-08,quantile,0.4,1.4747767386469872
2018-12-01,HHS Region 3,ili perc,1,2018-12-08,quantile,0.45,1.5174713128020172
2018-12-01,HHS Region 3,ili perc,1,2018-12-08,quantile,0.5,1.5823014128020172
2018-12-01,HHS Region 3,ili perc,1,2018-12-08,quantile,0.55,1.6564264128020172
2018-12-01,HHS Region 3,ili perc,1,2018-12-08,quantile,0.6,1.7566624128020174
2018-12-01,HHS Region 3,ili perc,1,2018-12-08,quantile,0.65,1.810480912802018
2018-12-01,HHS Region 3,ili perc,1,2018-12-08,quantile,0.7,1.8739134128020174
2018-12-01,HHS Region 3,ili perc,1,2018-12-08,quantile,0.75,2.0392633595763185
2018-12-01,HHS Region 3,ili perc,1,2018-12-08,quantile,0.8,2.2225577934033276
2018-12-01,HHS Region 3,ili perc,1,2018-12-08,quantile,0.85,2.4812563268010788
2018-12-01,HHS Region 3,ili perc,1,2018-12-08,quantile,0.9,2.8484124128020185
2018-12-01,HHS Region 3,ili perc,1,2018-12-08,quantile,0.95,3.786502195504367
2018-12-01,HHS Region 3,ili perc,1,2018-12-08,quantile,0.975,4.756086412802017
2018-12-01,HHS Region 3,ili perc,1,2018-12-08,quantile,0.99,6.232221289717377
2018-12-01,HHS Region 3,ili perc,2,2018-12-15,quantile,0.01,0
2018-12-01,HHS Region 3,ili perc,2,2018-12-15,quantile,0.025,0
2018-12-01,HHS Region 3,ili perc,2,2018-12-15,quantile,0.05,0
2018-12-01,HHS Region 3,ili perc,2,2018-12-15,quantile,0.1,0.5916843567718574
2018-12-01,HHS Region 3,ili perc,2,2018-12-15,quantile,0.15,0.9762971252362571
2018-12-01,HHS Region 3,ili perc,2,2018-12-15,quantile,0.2,1.2085868885017472
2018-12-01,HHS Region 3,ili perc,2,2018-12-15,quantile,0.25,1.4144500607648274
2018-12-01,HHS Region 3,ili perc,2,2018-12-15,quantile,0.3,1.5882876128020171
2018-12-01,HHS Region 3,ili perc,2,2018-12-15,quantile,0.35,1.6614364128020171
2018-12-01,HHS Region 3,ili perc,2,2018-12-15,quantile,0.4,1.7213364128020172
2018-12-01,HHS Region 3,ili perc,2,2018-12-15,quantile,0.45,1.770121412802017
2018-12-01,HHS Region 3,ili perc,2,2018-12-15,quantile,0.5,1.8322664128020172
2018-12-01,HHS Region 3,ili perc,2,2018-12-15,quantile,0.55,1.9184424128020172
2018-12-01,HHS Region 3,ili perc,2,2018-12-15,quantile,0.6,1.9962524128020172
2018-12-01,HHS Region 3,ili perc,2,2018-12-15,quantile,0.65,2.078456556541093
2018-12-01,HHS Region 3,ili perc,2,2018-12-15,quantile,0.7,2.190621792353477
2018-12-01,HHS Region 3,ili perc,2,2018-12-15,quantile,0.75,2.3238614128020174
2018-12-01,HHS Region 3,ili perc,2,2018-12-15,quantile,0.8,2.541246412802017
2018-12-01,HHS Region 3,ili perc,2,2018-12-15,quantile,0.85,2.80507396792853
2018-12-01,HHS Region 3,ili perc,2,2018-12-15,quantile,0.9,3.1001113895237173
2018-12-01,HHS Region 3,ili perc,2,2018-12-15,quantile,0.95,4.070793546309827
2018-12-01,HHS Region 3,ili perc,2,2018-12-15,quantile,0.975,4.800730964000623
2018-12-01,HHS Region 3,ili perc,2,2018-12-15,quantile,0.99,5.759315321815549
2018-12-01,HHS Region 3,ili perc,3,2018-12-22,quantile,0.01,0
2018-12-01,HHS Region 3,ili perc,3,2018-12-22,quantile,0.025,0
2018-12-01,HHS Region 3,ili perc,3,2018-12-22,quantile,0.05,0.24373004315945668
2018-12-01,HHS Region 3,ili perc,3,2018-12-22,quantile,0.1,1.0498543567718577
2018-12-01,HHS Region 3,ili perc,3,2018-12-22,quantile,0.15,1.4264057415017284
2018-12-01,HHS Region 3,ili perc,3,2018-12-22,quantile,0.2,1.6851430736736996
2018-12-01,HHS Region 3,ili perc,3,2018-12-22,quantile,0.25,1.8726200607648276
2018-12-01,HHS Region 3,ili perc,3,2018-12-22,quantile,0.3,2.015899112802017
2018-12-01,HHS Region 3,ili perc,3,2018-12-22,quantile,0.35,2.1161602194887768
2018-12-01,HHS Region 3,ili perc,3,2018-12-22,quantile,0.4,2.1807364128020175
2018-12-01,HHS Region 3,ili perc,3,2018-12-22,quantile,0.45,2.216648412802017
2018-12-01,HHS Region 3,ili perc,3,2018-12-22,quantile,0.5,2.302890912802017
2018-12-01,HHS Region 3,ili perc,3,2018-12-22,quantile,0.55,2.392167412802017
2018-12-01,HHS Region 3,ili perc,3,2018-12-22,quantile,0.6,2.4468810133183374
2018-12-01,HHS Region 3,ili perc,3,2018-12-22,quantile,0.65,2.5306775341856573
2018-12-01,HHS Region 3,ili perc,3,2018-12-22,quantile,0.7,2.633818870362797
2018-12-01,HHS Region 3,ili perc,3,2018-12-22,quantile,0.75,2.735128404050047
2018-12-01,HHS Region 3,ili perc,3,2018-12-22,quantile,0.8,3.0258778884236976
2018-12-01,HHS Region 3,ili perc,3,2018-12-22,quantile,0.85,3.254951112934867
2018-12-01,HHS Region 3,ili perc,3,2018-12-22,quantile,0.9,3.8028517203185643
2018-12-01,HHS Region 3,ili perc,3,2018-12-22,quantile,0.95,4.664192810878057
2018-12-01,HHS Region 3,ili perc,3,2018-12-22,quantile,0.975,6.033289082655559
2018-12-01,HHS Region 3,ili perc,3,2018-12-22,quantile,0.99,8.358795373637987
2018-12-01,HHS Region 3,ili perc,4,2018-12-29,quantile,0.01,0
2018-12-01,HHS Region 3,ili perc,4,2018-12-29,quantile,0.025,1.0394140850868363
2018-12-01,HHS Region 3,ili perc,4,2018-12-29,quantile,0.05,1.822506412802017
2018-12-01,HHS Region 3,ili perc,4,2018-12-29,quantile,0.1,2.420543057757907
2018-12-01,HHS Region 3,ili perc,4,2018-12-29,quantile,0.15,2.6986044391854627
2018-12-01,HHS Region 3,ili perc,4,2018-12-29,quantile,0.2,2.964719314614907
2018-12-01,HHS Region 3,ili perc,4,2018-12-29,quantile,0.25,3.1339014006197945
2018-12-01,HHS Region 3,ili perc,4,2018-12-29,quantile,0.3,3.243045412802017
2018-12-01,HHS Region 3,ili perc,4,2018-12-29,quantile,0.35,3.3232102925193137
2018-12-01,HHS Region 3,ili perc,4,2018-12-29,quantile,0.4,3.381029489852093
2018-12-01,HHS Region 3,ili perc,4,2018-12-29,quantile,0.45,3.4464783514697253
2018-12-01,HHS Region 3,ili perc,4,2018-12-29,quantile,0.5,3.528356412802017
2018-12-01,HHS Region 3,ili perc,4,2018-12-29,quantile,0.55,3.5880364128020172
2018-12-01,HHS Region 3,ili perc,4,2018-12-29,quantile,0.6,3.673206412802017
2018-12-01,HHS Region 3,ili perc,4,2018-12-29,quantile,0.65,3.7494527539167968
2018-12-01,HHS Region 3,ili perc,4,2018-12-29,quantile,0.7,3.8530233210397897
2018-12-01,HHS Region 3,ili perc,4,2018-12-29,quantile,0.75,4.007283692495347
2018-12-01,HHS Region 3,ili perc,4,2018-12-29,quantile,0.8,4.205976412802017
2018-12-01,HHS Region 3,ili perc,4,2018-12-29,quantile,0.85,4.454401712802019
2018-12-01,HHS Region 3,ili perc,4,2018-12-29,quantile,0.9,4.855601601258771
2018-12-01,HHS Region 3,ili perc,4,2018-12-29,quantile,0.95,5.730700659633922
2018-12-01,HHS Region 3,ili perc,4,2018-12-29,quantile,0.975,6.735576041185845
2018-12-01,HHS Region 3,ili perc,4,2018-12-29,quantile,0.99,7.504466412802017
2018-12-01,HHS Region 4,ili perc,1,2018-12-08,quantile,0.01,0
2018-12-01,HHS Region 4,ili perc,1,2018-12-08,quantile,0.025,0
2018-12-01,HHS Region 4,ili perc,1,2018-12-08,quantile,0.05,0.672249916818524
2018-12-01,HHS Region 4,ili perc,1,2018-12-08,quantile,0.1,1.5572143038097987
2018-12-01,HHS Region 4,ili perc,1,2018-12-08,quantile,0.15,1.8709516061346971
2018-12-01,HHS Region 4,ili perc,1,2018-12-08,quantile,0.2,2.083081200810489
2018-12-01,HHS Region 4,ili perc,1,2018-12-08,quantile,0.25,2.203927455848649
2018-12-01,HHS Region 4,ili perc,1,2018-12-08,quantile,0.3,2.280879709839866
2018-12-01,HHS Region 4,ili perc,1,2018-12-08,quantile,0.35,2.349294271177647
2018-12-01,HHS Region 4,ili perc,1,2018-12-08,quantile,0.4,2.406703071177647
2018-12-01,HHS Region 4,ili perc,1,2018-12-08,quantile,0.45,2.4467806898588185
2018-12-01,HHS Region 4,ili perc,1,2018-12-08,quantile,0.5,2.4857462197672566
2018-12-01,HHS Region 4,ili perc,1,2018-12-08,quantile,0.55,2.532687071177647
2018-12-01,HHS Region 4,ili perc,1,2018-12-08,quantile,0.6,2.5674973113918567
2018-12-01,HHS Region 4,ili perc,1,2018-12-08,quantile,0.65,2.6085343397418046
2018-12-01,HHS Region 4,ili perc,1,2018-12-08,quantile,0.7,2.6931832955098107
2018-12-01,HHS Region 4,ili perc,1,2018-12-08,quantile,0.75,2.787589071177647
2018-12-01,HHS Region 4,ili perc,1,2018-12-08,quantile,0.8,2.991841819321933
2018-12-01,HHS Region 4,ili perc,1,2018-12-08,quantile,0.85,3.1973105711776473
2018-12-01,HHS Region 4,ili perc,1,2018-12-08,quantile,0.9,3.843287071177647
2018-12-01,HHS Region 4,ili perc,1,2018-12-08,quantile,0.95,4.8897390711776465
2018-12-01,HHS Region 4,ili perc,1,2018-12-08,quantile,0.975,5.5806366227799
2018-12-01,HHS Region 4,ili perc,1,2018-12-08,quantile,0.99,7.178742414476346
2018-12-01,HHS Region 4,ili perc,2,2018-12-15,quantile,0.01,0
2018-12-01,HHS Region 4,ili perc,2,2018-12-15,quantile,0.025,0
2018-12-01,HHS Region 4,ili perc,2,2018-12-15,quantile,0.05,1.1411590711776467
2018-12-01,HHS Region 4,ili perc,2,2018-12-15,quantile,0.1,2.1231470711776463
2018-12-01,HHS Region 4,ili perc,2,2018-12-15,quantile,0.15,2.462077590986228
2018-12-01,HHS Region 4,ili perc,2,2018-12-15,quantile,0.2,2.6367870711776464
2018-12-01,HHS Region 4,ili perc,2,2018-12-15,quantile,0.25,2.789982689740519
2018-12-01,HHS Region 4,ili perc,2,2018-12-15,quantile,0.3,2.855557786384133
2018-12-01,HHS Region 4,ili perc,2,2018-12-15,quantile,0.35,2.9239587711776465
2018-12-01,HHS Region 4,ili perc,2,2018-12-15,quantile,0.4,2.9740270711776464
2018-12-01,HHS Region 4,ili perc,2,2018-12-15,quantile,0.45,3.0072666031210105
2018-12-01,HHS Region 4,ili perc,2,2018-12-15,quantile,0.5,3.0360720711776468
2018-12-01,HHS Region 4,ili perc,2,2018-12-15,quantile,0.55,3.084669721177647
2018-12-01,HHS Region 4,ili perc,2,2018-12-15,quantile,0.6,3.135127071177646
2018-12-01,HHS Region 4,ili perc,2,2018-12-15,quantile,0.65,3.173706679921539
2018-12-01,HHS Region 4,ili perc,2,2018-12-15,quantile,0.7,3.2267846004982115
2018-12-01,HHS Region 4,ili perc,2,2018-12-15,quantile,0.75,3.3215697442820864
2018-12-01,HHS Region 4,ili perc,2,2018-12-15,quantile,0.8,3.4624834687289225
2018-12-01,HHS Region 4,ili perc,2,2018-12-15,quantile,0.85,3.7050610711776466
2018-12-01,HHS Region 4,ili perc,2,2018-12-15,quantile,0.9,4.066387071177646
2018-12-01,HHS Region 4,ili perc,2,2018-12-15,quantile,0.95,4.881933140832778
2018-12-01,HHS Region 4,ili perc,2,2018-12-15,quantile,0.975,5.940008829384334
2018-12-01,HHS Region 4,ili perc,2,2018-12-15,quantile,0.99,6.916281771177646
2018-12-01,HHS Region 4,ili perc,3,2018-12-22,quantile,0.01,0
2018-12-01,HHS Region 4,ili perc,3,2018-12-22,quantile,0.025,1.2377870711776464
2018-12-01,HHS Region 4,ili perc,3,2018-12-22,quantile,0.05,2.6631190711776465
2018-12-01,HHS Region 4,ili perc,3,2018-12-22,quantile,0.1,3.5658399021393565
2018-12-01,HHS Region 4,ili perc,3,2018-12-22,quantile,0.15,3.9521015711776464
2018-12-01,HHS Region 4,ili perc,3,2018-12-22,quantile,0.2,4.1668840711776465
2018-12-01,HHS Region 4,ili perc,3,2018-12-22,quantile,0.25,4.302757071177647
2018-12-01,HHS Region 4,ili perc,3,2018-12-22,quantile,0.3,4.377229255866851
2018-12-01,HHS Region 4,ili perc,3,2018-12-22,quantile,0.35,4.444472071177646
2018-12-01,HHS Region 4,ili perc,3,2018-12-22,quantile,0.4,4.494419029379229
2018-12-01,HHS Region 4,ili perc,3,2018-12-22,quantile,0.45,4.530297071177647
2018-12-01,HHS Region 4,ili perc,3,2018-12-22,quantile,0.5,4.5736040711776464
2018-12-01,HHS Region 4,ili perc,3,2018-12-22,quantile,0.55,4.621134740233158
2018-12-01,HHS Region 4,ili perc,3,2018-12-22,quantile,0.6,4.655424678057437
2018-12-01,HHS Region 4,ili perc,3,2018-12-22,quantile,0.65,4.6958002841675786
2018-12-01,HHS Region 4,ili perc,3,2018-12-22,quantile,0.7,4.7650956757945835
2018-12-01,HHS Region 4,ili perc,3,2018-12-22,quantile,0.75,4.859212856477697
2018-12-01,HHS Region 4,ili perc,3,2018-12-22,quantile,0.8,5.014534025677011
2018-12-01,HHS Region 4,ili perc,3,2018-12-22,quantile,0.85,5.296909651448863
2018-12-01,HHS Region 4,ili perc,3,2018-12-22,quantile,0.9,5.788069109362528
2018-12-01,HHS Region 4,ili perc,3,2018-12-22,quantile,0.95,7.137403273678299
2018-12-01,HHS Region 4,ili perc,3,2018-12-22,quantile,0.975,7.897773898124017
2018-12-01,HHS Region 4,ili perc,3,2018-12-22,quantile,0.99,9.733969364052493
2018-12-01,HHS Region 4,ili perc,4,2018-12-29,quantile,0.01,0.16573851207985676
2018-12-01,HHS Region 4,ili perc,4,2018-12-29,quantile,0.025,1.975127071177646
2018-12-01,HHS Region 4,ili perc,4,2018-12-29,quantile,0.05,3.4852779839370767
2018-12-01,HHS Region 4,ili perc,4,2018-12-29,quantile,0.1,4.2691999021393565
2018-12-01,HHS Region 4,ili perc,4,2018-12-29,quantile,0.15,4.604495071177646
2018-12-01,HHS Region 4,ili perc,4,2018-12-29,quantile,0.2,4.765149071177646
2018-12-01,HHS Region 4,ili perc,4,2018-12-29,quantile,0.25,4.959557071177646
2018-12-01,HHS Region 4,ili perc,4,2018-12-29,quantile,0.3,5.045702773459649
2018-12-01,HHS Region 4,ili perc,4,2018-12-29,quantile,0.35,5.1431640711776465
2018-12-01,HHS Region 4,ili perc,4,2018-12-29,quantile,0.4,5.19701910848002
2018-12-01,HHS Region 4,ili perc,4,2018-12-29,quantile,0.45,5.230679492508939
2018-12-01,HHS Region 4,ili perc,4,2018-12-29,quantile,0.5,5.271817071177646
2018-12-01,HHS Region 4,ili perc,4,2018-12-29,quantile,0.55,5.304027856162451
2018-12-01,HHS Region 4,ili perc,4,2018-12-29,quantile,0.6,5.35372884136631
2018-12-01,HHS Region 4,ili perc,4,2018-12-29,quantile,0.65,5.398322037689907
2018-12-01,HHS Region 4,ili perc,4,2018-12-29,quantile,0.7,5.467883363487556
2018-12-01,HHS Region 4,ili perc,4,2018-12-29,quantile,0.75,5.583195983119862
2018-12-01,HHS Region 4,ili perc,4,2018-12-29,quantile,0.8,5.734106913224999
2018-12-01,HHS Region 4,ili perc,4,2018-12-29,quantile,0.85,5.999003151448863
2018-12-01,HHS Region 4,ili perc,4,2018-12-29,quantile,0.9,6.641687071177646
2018-12-01,HHS Region 4,ili perc,4,2018-12-29,quantile,0.95,7.761467071177647
2018-12-01,HHS Region 4,ili perc,4,2018-12-29,quantile,0.975,8.765058892377185
2018-12-01,HHS Region 4,ili perc,4,2018-12-29,quantile,0.99,9.648260907896018
2018-12-01,HHS Region 5,ili perc,1,2018-12-08,quantile,0.01,0
2018-12-01,HHS Region 5,ili perc,1,2018-12-08,quantile,0.025,0
2018-12-01,HHS Region 5,ili perc,1,2018-12-08,quantile,0.05,0.2706568766503406
2018-12-01,HHS Region 5,ili perc,1,2018-12-08,quantile,0.1,1.1499505654701503
2018-12-01,HHS Region 5,ili perc,1,2018-12-08,quantile,0.15,1.5304260933605713
2018-12-01,HHS Region 5,ili perc,1,2018-12-08,quantile,0.2,1.6710040084383841
2018-12-01,HHS Region 5,ili perc,1,2018-12-08,quantile,0.25,1.737170383674162
2018-12-01,HHS Region 5,ili perc,1,2018-12-08,quantile,0.3,1.795890408438384
2018-12-01,HHS Region 5,ili perc,1,2018-12-08,quantile,0.35,1.8333479361589542
2018-12-01,HHS Region 5,ili perc,1,2018-12-08,quantile,0.4,1.8613428084383843
2018-12-01,HHS Region 5,ili perc,1,2018-12-08,quantile,0.45,1.8871382047450562
2018-12-01,HHS Region 5,ili perc,1,2018-12-08,quantile,0.5,1.9236658084383842
2018-12-01,HHS Region 5,ili perc,1,2018-12-08,quantile,0.55,1.9558534303595703
2018-12-01,HHS Region 5,ili perc,1,2018-12-08,quantile,0.6,1.9866882550625342
2018-12-01,HHS Region 5,ili perc,1,2018-12-08,quantile,0.65,2.0136605489521884
2018-12-01,HHS Region 5,ili perc,1,2018-12-08,quantile,0.7,2.060283320466782
2018-12-01,HHS Region 5,ili perc,1,2018-12-08,quantile,0.75,2.110512470420462
2018-12-01,HHS Region 5,ili perc,1,2018-12-08,quantile,0.8,2.203403579674519
2018-12-01,HHS Region 5,ili perc,1,2018-12-08,quantile,0.85,2.324983766109254
2018-12-01,HHS Region 5,ili perc,1,2018-12-08,quantile,0.9,2.9668600353613903
2018-12-01,HHS Region 5,ili perc,1,2018-12-08,quantile,0.95,3.9196835493719435
2018-12-01,HHS Region 5,ili perc,1,2018-12-08,quantile,0.975,4.523052808438384
2018-12-01,HHS Region 5,ili perc,1,2018-12-08,quantile,0.99,6.068630510478043
2018-12-01,HHS Region 5,ili perc,2,2018-12-15,quantile,0.01,0
2018-12-01,HHS Region 5,ili perc,2,2018-12-15,quantile,0.025,0
2018-12-01,HHS Region 5,ili perc,2,2018-12-15,quantile,0.05,0.7956628084383841
2018-12-01,HHS Region 5,ili perc,2,2018-12-15,quantile,0.1,1.4714859717643642
2018-12-01,HHS Region 5,ili perc,2,2018-12-15,quantile,0.15,1.833368346715364
2018-12-01,HHS Region 5,ili perc,2,2018-12-15,quantile,0.2,1.9377757405490865
2018-12-01,HHS Region 5,ili perc,2,2018-12-15,quantile,0.25,1.997702808438384
2018-12-01,HHS Region 5,ili perc,2,2018-12-15,quantile,0.3,2.050422542097774
2018-12-01,HHS Region 5,ili perc,2,2018-12-15,quantile,0.35,2.089709060620555
2018-12-01,HHS Region 5,ili perc,2,2018-12-15,quantile,0.4,2.118534808438384
2018-12-01,HHS Region 5,ili perc,2,2018-12-15,quantile,0.45,2.147563554209527
2018-12-01,HHS Region 5,ili perc,2,2018-12-15,quantile,0.5,2.1815058084383843
2018-12-01,HHS Region 5,ili perc,2,2018-12-15,quantile,0.55,2.199746808438384
2018-12-01,HHS Region 5,ili perc,2,2018-12-15,quantile,0.6,2.234236940910617
2018-12-01,HHS Region 5,ili perc,2,2018-12-15,quantile,0.65,2.2642729697544186
2018-12-01,HHS Region 5,ili perc,2,2018-12-15,quantile,0.7,2.321203539907524
2018-12-01,HHS Region 5,ili perc,2,2018-12-15,quantile,0.75,2.387383308438385
2018-12-01,HHS Region 5,ili perc,2,2018-12-15,quantile,0.8,2.4686130970689515
2018-12-01,HHS Region 5,ili perc,2,2018-12-15,quantile,0.85,2.662913308438387
2018-12-01,HHS Region 5,ili perc,2,2018-12-15,quantile,0.9,3.22802003536139
2018-12-01,HHS Region 5,ili perc,2,2018-12-15,quantile,0.95,4.210647932166542
2018-12-01,HHS Region 5,ili perc,2,2018-12-15,quantile,0.975,4.980938935727443
2018-12-01,HHS Region 5,ili perc,2,2018-12-15,quantile,0.99,6.4076209261009724
2018-12-01,HHS Region 5,ili perc,3,2018-12-22,quantile,0.01,0
2018-12-01,HHS Region 5,ili perc,3,2018-12-22,quantile,0.025,0
2018-12-01,HHS Region 5,ili perc,3,2018-12-22,quantile,0.05,1.2321053084383846
2018-12-01,HHS Region 5,ili perc,3,2018-12-22,quantile,0.1,2.355314031041324
2018-12-01,HHS Region 5,ili perc,3,2018-12-22,quantile,0.15,2.7242724748360003
2018-12-01,HHS Region 5,ili perc,3,2018-12-22,quantile,0.2,2.8989318084383844
2018-12-01,HHS Region 5,ili perc,3,2018-12-22,quantile,0.25,2.9827731238993223
2018-12-01,HHS Region 5,ili perc,3,2018-12-22,quantile,0.3,3.0478208084383844
2018-12-01,HHS Region 5,ili perc,3,2018-12-22,quantile,0.35,3.0965128084383844
2018-12-01,HHS Region 5,ili perc,3,2018-12-22,quantile,0.4,3.1276607588979055
2018-12-01,HHS Region 5,ili perc,3,2018-12-22,quantile,0.45,3.1539638084383843
2018-12-01,HHS Region 5,ili perc,3,2018-12-22,quantile,0.5,3.1913238084383844
2018-12-01,HHS Region 5,ili perc,3,2018-12-22,quantile,0.55,3.2197628084383845
2018-12-01,HHS Region 5,ili perc,3,2018-12-22,quantile,0.6,3.2429128084383843
2018-12-01,HHS Region 5,ili perc,3,2018-12-22,quantile,0.65,3.2787195029100444
2018-12-01,HHS Region 5,ili perc,3,2018-12-22,quantile,0.7,3.320763808438384
2018-12-01,HHS Region 5,ili perc,3,2018-12-22,quantile,0.75,3.3764617189620276
2018-12-01,HHS Region 5,ili perc,3,2018-12-22,quantile,0.8,3.4429680494642247
2018-12-01,HHS Region 5,ili perc,3,2018-12-22,quantile,0.85,3.5289141777822106
2018-12-01,HHS Region 5,ili perc,3,2018-12-22,quantile,0.9,3.9321773099759225
2018-12-01,HHS Region 5,ili perc,3,2018-12-22,quantile,0.95,4.9696257710851635
2018-12-01,HHS Region 5,ili perc,3,2018-12-22,quantile,0.975,5.702704058438384
2018-12-01,HHS Region 5,ili perc,3,2018-12-22,quantile,0.99,6.405876095983943
2018-12-01,HHS Region 5,ili perc,4,2018-12-29,quantile,0.01,0.31540535200735625
2018-12-01,HHS Region 5,ili perc,4,2018-12-29,quantile,0.025,1.550878355837257
2018-12-01,HHS Region 5,ili perc,4,2018-12-29,quantile,0.05,3.0929625442356135
2018-12-01,HHS Region 5,ili perc,4,2018-12-29,quantile,0.1,4.0293683829124936
2018-12-01,HHS Region 5,ili perc,4,2018-12-29,quantile,0.15,4.33827528384106
2018-12-01,HHS Region 5,ili perc,4,2018-12-29,quantile,0.2,4.5034628084383845
2018-12-01,HHS Region 5,ili perc,4,2018-12-29,quantile,0.25,4.588347192705778
2018-12-01,HHS Region 5,ili perc,4,2018-12-29,quantile,0.3,4.6231445747212065
2018-12-01,HHS Region 5,ili perc,4,2018-12-29,quantile,0.35,4.653872066090876
2018-12-01,HHS Region 5,ili perc,4,2018-12-29,quantile,0.4,4.680202808438384
2018-12-01,HHS Region 5,ili perc,4,2018-12-29,quantile,0.45,4.711503808438384
2018-12-01,HHS Region 5,ili perc,4,2018-12-29,quantile,0.5,4.743032808438384
2018-12-01,HHS Region 5,ili perc,4,2018-12-29,quantile,0.55,4.774870308438384
2018-12-01,HHS Region 5,ili perc,4,2018-12-29,quantile,0.6,4.810443665182321
2018-12-01,HHS Region 5,ili perc,4,2018-12-29,quantile,0.65,4.840509408438384
2018-12-01,HHS Region 5,ili perc,4,2018-12-29,quantile,0.7,4.890678156222025
2018-12-01,HHS Region 5,ili perc,4,2018-12-29,quantile,0.75,4.941764294384618
2018-12-01,HHS Region 5,ili perc,4,2018-12-29,quantile,0.8,5.01421242234408
2018-12-01,HHS Region 5,ili perc,4,2018-12-29,quantile,0.85,5.163332808438384
2018-12-01,HHS Region 5,ili perc,4,2018-12-29,quantile,0.9,5.952832808438385
2018-12-01,HHS Region 5,ili perc,4,2018-12-29,quantile,0.95,6.937733434207779
2018-12-01,HHS Region 5,ili perc,4,2018-12-29,quantile,0.975,7.643747058438382
2018-12-01,HHS Region 5,ili perc,4,2018-12-29,quantile,0.99,9.252824382064487
2018-12-01,HHS Region 6,ili perc,1,2018-12-08,quantile,0.01,0
2018-12-01,HHS Region 6,ili perc,1,2018-12-08,quantile,0.025,0
2018-12-01,HHS Region 6,ili perc,1,2018-12-08,quantile,0.05,1.462932888696011
2018-12-01,HHS Region 6,ili perc,1,2018-12-08,quantile,0.1,3.483960875576391
2018-12-01,HHS Region 6,ili perc,1,2018-12-08,quantile,0.15,4.129288762536861
2018-12-01,HHS Region 6,ili perc,1,2018-12-08,quantile,0.2,4.445946655785361
2018-12-01,HHS Region 6,ili perc,1,2018-12-08,quantile,0.25,4.666027662232236
2018-12-01,HHS Region 6,ili perc,1,2018-12-08,quantile,0.3,4.7487130360602805
2018-12-01,HHS Region 6,ili perc,1,2018-12-08,quantile,0.35,4.874631505621121
2018-12-01,HHS Region 6,ili perc,1,2018-12-08,quantile,0.4,4.989137355641513
2018-12-01,HHS Region 6,ili perc,1,2018-12-08,quantile,0.45,5.068911607030131
2018-12-01,HHS Region 6,ili perc,1,2018-12-08,quantile,0.5,5.127291505621121
2018-12-01,HHS Region 6,ili perc,1,2018-12-08,quantile,0.55,5.220587945226126
2018-12-01,HHS Region 6,ili perc,1,2018-12-08,quantile,0.6,5.297547734716709
2018-12-01,HHS Region 6,ili perc,1,2018-12-08,quantile,0.65,5.404843505621121
2018-12-01,HHS Region 6,ili perc,1,2018-12-08,quantile,0.7,5.522507768146488
2018-12-01,HHS Region 6,ili perc,1,2018-12-08,quantile,0.75,5.685121505621121
2018-12-01,HHS Region 6,ili perc,1,2018-12-08,quantile,0.8,5.908562233630427
2018-12-01,HHS Region 6,ili perc,1,2018-12-08,quantile,0.85,6.234321505621121
2018-12-01,HHS Region 6,ili perc,1,2018-12-08,quantile,0.9,6.819501505621121
2018-12-01,HHS Region 6,ili perc,1,2018-12-08,quantile,0.95,9.16587082761665
2018-12-01,HHS Region 6,ili perc,1,2018-12-08,quantile,0.975,10.11377252942616
2018-12-01,HHS Region 6,ili perc,1,2018-12-08,quantile,0.99,11.655881505621121
2018-12-01,HHS Region 6,ili perc,2,2018-12-15,quantile,0.01,1.7507718182454104
2018-12-01,HHS Region 6,ili perc,2,2018-12-15,quantile,0.025,3.9844015878266017
2018-12-01,HHS Region 6,ili perc,2,2018-12-15,quantile,0.05,5.438758577972722
2018-12-01,HHS Region 6,ili perc,2,2018-12-15,quantile,0.1,6.454176674166095
2018-12-01,HHS Region 6,ili perc,2,2018-12-15,quantile,0.15,6.999314697805547
2018-12-01,HHS Region 6,ili perc,2,2018-12-15,quantile,0.2,7.328828109883421
2018-12-01,HHS Region 6,ili perc,2,2018-12-15,quantile,0.25,7.483794808571499
2018-12-01,HHS Region 6,ili perc,2,2018-12-15,quantile,0.3,7.595835273751651
2018-12-01,HHS Region 6,ili perc,2,2018-12-15,quantile,0.35,7.727851205621121
2018-12-01,HHS Region 6,ili perc,2,2018-12-15,quantile,0.4,7.846684657020494
2018-12-01,HHS Region 6,ili perc,2,2018-12-15,quantile,0.45,7.9318945689091205
2018-12-01,HHS Region 6,ili perc,2,2018-12-15,quantile,0.5,8.032331505621121
2018-12-01,HHS Region 6,ili perc,2,2018-12-15,quantile,0.55,8.119554820548426
2018-12-01,HHS Region 6,ili perc,2,2018-12-15,quantile,0.6,8.233363656365826
2018-12-01,HHS Region 6,ili perc,2,2018-12-15,quantile,0.65,8.335450142939635
2018-12-01,HHS Region 6,ili perc,2,2018-12-15,quantile,0.7,8.469850790228952
2018-12-01,HHS Region 6,ili perc,2,2018-12-15,quantile,0.75,8.642071505621123
2018-12-01,HHS Region 6,ili perc,2,2018-12-15,quantile,0.8,8.82144116915298
2018-12-01,HHS Region 6,ili perc,2,2018-12-15,quantile,0.85,9.161506822305402
2018-12-01,HHS Region 6,ili perc,2,2018-12-15,quantile,0.9,10.035603423447819
2018-12-01,HHS Region 6,ili perc,2,2018-12-15,quantile,0.95,12.01311082761665
2018-12-01,HHS Region 6,ili perc,2,2018-12-15,quantile,0.975,13.801535887209754
2018-12-01,HHS Region 6,ili perc,2,2018-12-15,quantile,0.99,14.82010892100925
2018-12-01,HHS Region 6,ili perc,3,2018-12-22,quantile,0.01,4.610068972374464
2018-12-01,HHS Region 6,ili perc,3,2018-12-22,quantile,0.025,6.2123115056211216
2018-12-01,HHS Region 6,ili perc,3,2018-12-22,quantile,0.05,8.246061505621121
2018-12-01,HHS Region 6,ili perc,3,2018-12-22,quantile,0.1,9.907331505621121
2018-12-01,HHS Region 6,ili perc,3,2018-12-22,quantile,0.15,10.544020917702202
2018-12-01,HHS Region 6,ili perc,3,2018-12-22,quantile,0.2,10.860077505621122
2018-12-01,HHS Region 6,ili perc,3,2018-12-22,quantile,0.25,11.102414808571499
2018-12-01,HHS Region 6,ili perc,3,2018-12-22,quantile,0.3,11.19479241603322
2018-12-01,HHS Region 6,ili perc,3,2018-12-22,quantile,0.35,11.321771505621122
2018-12-01,HHS Region 6,ili perc,3,2018-12-22,quantile,0.4,11.42585652253525
2018-12-01,HHS Region 6,ili perc,3,2018-12-22,quantile,0.45,11.49098961648017
2018-12-01,HHS Region 6,ili perc,3,2018-12-22,quantile,0.5,11.573985330196955
2018-12-01,HHS Region 6,ili perc,3,2018-12-22,quantile,0.55,11.668854089315964
2018-12-01,HHS Region 6,ili perc,3,2018-12-22,quantile,0.6,11.746883013760801
2018-12-01,HHS Region 6,ili perc,3,2018-12-22,quantile,0.65,11.85420389848525
2018-12-01,HHS Region 6,ili perc,3,2018-12-22,quantile,0.7,12.00641000562112
2018-12-01,HHS Region 6,ili perc,3,2018-12-22,quantile,0.75,12.15499150562112
2018-12-01,HHS Region 6,ili perc,3,2018-12-22,quantile,0.8,12.337324182005919
2018-12-01,HHS Region 6,ili perc,3,2018-12-22,quantile,0.85,12.573717032636694
2018-12-01,HHS Region 6,ili perc,3,2018-12-22,quantile,0.9,13.361173254268396
2018-12-01,HHS Region 6,ili perc,3,2018-12-22,quantile,0.95,15.240086191755992
2018-12-01,HHS Region 6,ili perc,3,2018-12-22,quantile,0.975,16.582461003831032
2018-12-01,HHS Region 6,ili perc,3,2018-12-22,quantile,0.99,18.217105405621115
2018-12-01,HHS Region 6,ili perc,4,2018-12-29,quantile,0.01,3.111153623823121
2018-12-01,HHS Region 6,ili perc,4,2018-12-29,quantile,0.025,4.05184390812875
2018-12-01,HHS Region 6,ili perc,4,2018-12-29,quantile,0.05,6.5668920941064215
2018-12-01,HHS Region 6,ili perc,4,2018-12-29,quantile,0.1,8.55873000164166
2018-12-01,HHS Region 6,ili perc,4,2018-12-29,quantile,0.15,9.232251051337368
2018-12-01,HHS Region 6,ili perc,4,2018-12-29,quantile,0.2,9.58487154161909
2018-12-01,HHS Region 6,ili perc,4,2018-12-29,quantile,0.25,9.916314808571498
2018-12-01,HHS Region 6,ili perc,4,2018-12-29,quantile,0.3,10.004072695315486
2018-12-01,HHS Region 6,ili perc,4,2018-12-29,quantile,0.35,10.151139377751036
2018-12-01,HHS Region 6,ili perc,4,2018-12-29,quantile,0.4,10.241231505621121
2018-12-01,HHS Region 6,ili perc,4,2018-12-29,quantile,0.45,10.29872350562112
2018-12-01,HHS Region 6,ili perc,4,2018-12-29,quantile,0.5,10.37084150562112
2018-12-01,HHS Region 6,ili perc,4,2018-12-29,quantile,0.55,10.459505505621122
2018-12-01,HHS Region 6,ili perc,4,2018-12-29,quantile,0.6,10.552451925524194
2018-12-01,HHS Region 6,ili perc,4,2018-12-29,quantile,0.65,10.668306034015336
2018-12-01,HHS Region 6,ili perc,4,2018-12-29,quantile,0.7,10.801041505621122
2018-12-01,HHS Region 6,ili perc,4,2018-12-29,quantile,0.75,10.971856419363531
2018-12-01,HHS Region 6,ili perc,4,2018-12-29,quantile,0.8,11.194790954187155
2018-12-01,HHS Region 6,ili perc,4,2018-12-29,quantile,0.85,11.465976371529468
2018-12-01,HHS Region 6,ili perc,4,2018-12-29,quantile,0.9,12.239291505621122
2018-12-01,HHS Region 6,ili perc,4,2018-12-29,quantile,0.95,13.821944239927854
2018-12-01,HHS Region 6,ili perc,4,2018-12-29,quantile,0.975,15.518141481150906
2018-12-01,HHS Region 6,ili perc,4,2018-12-29,quantile,0.99,17.28596150562112
2018-12-01,HHS Region 7,ili perc,1,2018-12-08,quantile,0.01,0
2018-12-01,HHS Region 7,ili perc,1,2018-12-08,quantile,0.025,0
2018-12-01,HHS Region 7,ili perc,1,2018-12-08,quantile,0.05,0
2018-12-01,HHS Region 7,ili perc,1,2018-12-08,quantile,0.1,0.9766732856608746
2018-12-01,HHS Region 7,ili perc,1,2018-12-08,quantile,0.15,1.3515707088097675
2018-12-01,HHS Region 7,ili perc,1,2018-12-08,quantile,0.2,1.5927348377619055
2018-12-01,HHS Region 7,ili perc,1,2018-12-08,quantile,0.25,1.6887979676930676
2018-12-01,HHS Region 7,ili perc,1,2018-12-08,quantile,0.3,1.7807960689974145
2018-12-01,HHS Region 7,ili perc,1,2018-12-08,quantile,0.35,1.8563911458466666
2018-12-01,HHS Region 7,ili perc,1,2018-12-08,quantile,0.4,1.9103595676930674
2018-12-01,HHS Region 7,ili perc,1,2018-12-08,quantile,0.45,1.9794674176930673
2018-12-01,HHS Region 7,ili perc,1,2018-12-08,quantile,0.5,2.0378279676930675
2018-12-01,HHS Region 7,ili perc,1,2018-12-08,quantile,0.55,2.0820839676930674
2018-12-01,HHS Region 7,ili perc,1,2018-12-08,quantile,0.6,2.1257663676930676
2018-12-01,HHS Region 7,ili perc,1,2018-12-08,quantile,0.65,2.1930491960906595
2018-12-01,HHS Region 7,ili perc,1,2018-12-08,quantile,0.7,2.2716439676930675
2018-12-01,HHS Region 7,ili perc,1,2018-12-08,quantile,0.75,2.326453717693068
2018-12-01,HHS Region 7,ili perc,1,2018-12-08,quantile,0.8,2.377682553973225
2018-12-01,HHS Region 7,ili perc,1,2018-12-08,quantile,0.85,2.526496292499987
2018-12-01,HHS Region 7,ili perc,1,2018-12-08,quantile,0.9,3.3639390312423667
2018-12-01,HHS Region 7,ili perc,1,2018-12-08,quantile,0.95,4.677657967693068
2018-12-01,HHS Region 7,ili perc,1,2018-12-08,quantile,0.975,5.983462911547846
2018-12-01,HHS Region 7,ili perc,1,2018-12-08,quantile,0.99,6.731277967693067
2018-12-01,HHS Region 7,ili perc,2,2018-12-15,quantile,0.01,0
2018-12-01,HHS Region 7,ili perc,2,2018-12-15,quantile,0.025,0
2018-12-01,HHS Region 7,ili perc,2,2018-12-15,quantile,0.05,0.828452450520778
2018-12-01,HHS Region 7,ili perc,2,2018-12-15,quantile,0.1,1.7947805374516097
2018-12-01,HHS Region 7,ili perc,2,2018-12-15,quantile,0.15,2.111598555879187
2018-12-01,HHS Region 7,ili perc,2,2018-12-15,quantile,0.2,2.3036642487384773
2018-12-01,HHS Region 7,ili perc,2,2018-12-15,quantile,0.25,2.3889093343861645
2018-12-01,HHS Region 7,ili perc,2,2018-12-15,quantile,0.3,2.4740325473922247
2018-12-01,HHS Region 7,ili perc,2,2018-12-15,quantile,0.35,2.54793231853667
2018-12-01,HHS Region 7,ili perc,2,2018-12-15,quantile,0.4,2.6068544975537202
2018-12-01,HHS Region 7,ili perc,2,2018-12-15,quantile,0.45,2.686560967693068
2018-12-01,HHS Region 7,ili perc,2,2018-12-15,quantile,0.5,2.7268154676930676
2018-12-01,HHS Region 7,ili perc,2,2018-12-15,quantile,0.55,2.772208967693068
2018-12-01,HHS Region 7,ili perc,2,2018-12-15,quantile,0.6,2.825074567693068
2018-12-01,HHS Region 7,ili perc,2,2018-12-15,quantile,0.65,2.8911519676930677
2018-12-01,HHS Region 7,ili perc,2,2018-12-15,quantile,0.7,2.9663398676930677
2018-12-01,HHS Region 7,ili perc,2,2018-12-15,quantile,0.75,3.0222037179562498
2018-12-01,HHS Region 7,ili perc,2,2018-12-15,quantile,0.8,3.107300220471167
2018-12-01,HHS Region 7,ili perc,2,2018-12-15,quantile,0.85,3.5345579676930674
2018-12-01,HHS Region 7,ili perc,2,2018-12-15,quantile,0.9,4.284213366321756
2018-12-01,HHS Region 7,ili perc,2,2018-12-15,quantile,0.95,5.680658948801417
2018-12-01,HHS Region 7,ili perc,2,2018-12-15,quantile,0.975,6.827991130479108
2018-12-01,HHS Region 7,ili perc,2,2018-12-15,quantile,0.99,7.559399667693068
2018-12-01,HHS Region 7,ili perc,3,2018-12-22,quantile,0.01,0
2018-12-01,HHS Region 7,ili perc,3,2018-12-22,quantile,0.025,0.49628456015649736
2018-12-01,HHS Region 7,ili perc,3,2018-12-22,quantile,0.05,2.2543549676930676
2018-12-01,HHS Region 7,ili perc,3,2018-12-22,quantile,0.1,3.4418245355303365
2018-12-01,HHS Region 7,ili perc,3,2018-12-22,quantile,0.15,3.7292149439457574
2018-12-01,HHS Region 7,ili perc,3,2018-12-22,quantile,0.2,3.903685327628873
2018-12-01,HHS Region 7,ili perc,3,2018-12-22,quantile,0.25,3.9890464676930675
2018-12-01,HHS Region 7,ili perc,3,2018-12-22,quantile,0.3,4.095632567693067
2018-12-01,HHS Region 7,ili perc,3,2018-12-22,quantile,0.35,4.149259317693067
2018-12-01,HHS Region 7,ili perc,3,2018-12-22,quantile,0.4,4.208837167693067
2018-12-01,HHS Region 7,ili perc,3,2018-12-22,quantile,0.45,4.257767817693067
2018-12-01,HHS Region 7,ili perc,3,2018-12-22,quantile,0.5,4.303382967693067
2018-12-01,HHS Region 7,ili perc,3,2018-12-22,quantile,0.55,4.358078967693068
2018-12-01,HHS Region 7,ili perc,3,2018-12-22,quantile,0.6,4.407371020289182
2018-12-01,HHS Region 7,ili perc,3,2018-12-22,quantile,0.65,4.45573271724519
2018-12-01,HHS Region 7,ili perc,3,2018-12-22,quantile,0.7,4.523560199285409
2018-12-01,HHS Region 7,ili perc,3,2018-12-22,quantile,0.75,4.590982077400386
2018-12-01,HHS Region 7,ili perc,3,2018-12-22,quantile,0.8,4.64799232838233
2018-12-01,HHS Region 7,ili perc,3,2018-12-22,quantile,0.85,4.92869434008373
2018-12-01,HHS Region 7,ili perc,3,2018-12-22,quantile,0.9,5.725394496665962
2018-12-01,HHS Region 7,ili perc,3,2018-12-22,quantile,0.95,6.949901346073237
2018-12-01,HHS Region 7,ili perc,3,2018-12-22,quantile,0.975,7.895363652569511
2018-12-01,HHS Region 7,ili perc,3,2018-12-22,quantile,0.99,8.998757967693066
2018-12-01,HHS Region 7,ili perc,4,2018-12-29,quantile,0.01,1.2973642529244351
2018-12-01,HHS Region 7,ili perc,4,2018-12-29,quantile,0.025,3.246384813997408
2018-12-01,HHS Region 7,ili perc,4,2018-12-29,quantile,0.05,4.9234655500585625
2018-12-01,HHS Region 7,ili perc,4,2018-12-29,quantile,0.1,6.143435694715476
2018-12-01,HHS Region 7,ili perc,4,2018-12-29,quantile,0.15,6.5661890309905395
2018-12-01,HHS Region 7,ili perc,4,2018-12-29,quantile,0.2,6.7911036641943
2018-12-01,HHS Region 7,ili perc,4,2018-12-29,quantile,0.25,6.886289467833425
2018-12-01,HHS Region 7,ili perc,4,2018-12-29,quantile,0.3,6.9586148012159565
2018-12-01,HHS Region 7,ili perc,4,2018-12-29,quantile,0.35,7.041258223105144
2018-12-01,HHS Region 7,ili perc,4,2018-12-29,quantile,0.4,7.101073767693068
2018-12-01,HHS Region 7,ili perc,4,2018-12-29,quantile,0.45,7.159761870821711
2018-12-01,HHS Region 7,ili perc,4,2018-12-29,quantile,0.5,7.213182467693068
2018-12-01,HHS Region 7,ili perc,4,2018-12-29,quantile,0.55,7.261908021988565
2018-12-01,HHS Region 7,ili perc,4,2018-12-29,quantile,0.6,7.308582820224444
2018-12-01,HHS Region 7,ili perc,4,2018-12-29,quantile,0.65,7.366375758979437
2018-12-01,HHS Region 7,ili perc,4,2018-12-29,quantile,0.7,7.453306406334206
2018-12-01,HHS Region 7,ili perc,4,2018-12-29,quantile,0.75,7.529065312006655
2018-12-01,HHS Region 7,ili perc,4,2018-12-29,quantile,0.8,7.595663983894818
2018-12-01,HHS Region 7,ili perc,4,2018-12-29,quantile,0.85,7.921886094701393
2018-12-01,HHS Region 7,ili perc,4,2018-12-29,quantile,0.9,8.65126656769307
2018-12-01,HHS Region 7,ili perc,4,2018-12-29,quantile,0.95,9.776967467693064
2018-12-01,HHS Region 7,ili perc,4,2018-12-29,quantile,0.975,11.537616717693066
2018-12-01,HHS Region 7,ili perc,4,2018-12-29,quantile,0.99,12.083337967693069
2018-12-01,HHS Region 8,ili perc,1,2018-12-08,quantile,0.01,0
2018-12-01,HHS Region 8,ili perc,1,2018-12-08,quantile,0.025,0
2018-12-01,HHS Region 8,ili perc,1,2018-12-08,quantile,0.05,0
2018-12-01,HHS Region 8,ili perc,1,2018-12-08,quantile,0.1,0.4423180039874956
2018-12-01,HHS Region 8,ili perc,1,2018-12-08,quantile,0.15,0.7165149904276071
2018-12-01,HHS Region 8,ili perc,1,2018-12-08,quantile,0.2,0.8274792156963966
2018-12-01,HHS Region 8,ili perc,1,2018-12-08,quantile,0.25,0.9160734705121255
2018-12-01,HHS Region 8,ili perc,1,2018-12-08,quantile,0.3,0.9770142156963966
2018-12-01,HHS Region 8,ili perc,1,2018-12-08,quantile,0.35,1.01972192441627
2018-12-01,HHS Region 8,ili perc,1,2018-12-08,quantile,0.4,1.0659201806294347
2018-12-01,HHS Region 8,ili perc,1,2018-12-08,quantile,0.45,1.1114897645949595
2018-12-01,HHS Region 8,ili perc,1,2018-12-08,quantile,0.5,1.143848484053227
2018-12-01,HHS Region 8,ili perc,1,2018-12-08,quantile,0.55,1.1772912156963966
2018-12-01,HHS Region 8,ili perc,1,2018-12-08,quantile,0.6,1.2108657646599685
2018-12-01,HHS Region 8,ili perc,1,2018-12-08,quantile,0.65,1.2667642156963965
2018-12-01,HHS Region 8,ili perc,1,2018-12-08,quantile,0.7,1.3339372156963964
2018-12-01,HHS Region 8,ili perc,1,2018-12-08,quantile,0.75,1.423969715696397
2018-12-01,HHS Region 8,ili perc,1,2018-12-08,quantile,0.8,1.5122406266794586
2018-12-01,HHS Region 8,ili perc,1,2018-12-08,quantile,0.85,1.7160614229466034
2018-12-01,HHS Region 8,ili perc,1,2018-12-08,quantile,0.9,1.988128087010867
2018-12-01,HHS Region 8,ili perc,1,2018-12-08,quantile,0.95,2.533849372807597
2018-12-01,HHS Region 8,ili perc,1,2018-12-08,quantile,0.975,2.7984593533204962
2018-12-01,HHS Region 8,ili perc,1,2018-12-08,quantile,0.99,4.814794182771277
2018-12-01,HHS Region 8,ili perc,2,2018-12-15,quantile,0.01,0
2018-12-01,HHS Region 8,ili perc,2,2018-12-15,quantile,0.025,0
2018-12-01,HHS Region 8,ili perc,2,2018-12-15,quantile,0.05,0
2018-12-01,HHS Region 8,ili perc,2,2018-12-15,quantile,0.1,0.5803757151351165
2018-12-01,HHS Region 8,ili perc,2,2018-12-15,quantile,0.15,0.8138854292698916
2018-12-01,HHS Region 8,ili perc,2,2018-12-15,quantile,0.2,1.0082948211107046
2018-12-01,HHS Region 8,ili perc,2,2018-12-15,quantile,0.25,1.1154132156963965
2018-12-01,HHS Region 8,ili perc,2,2018-12-15,quantile,0.3,1.1747923156963964
2018-12-01,HHS Region 8,ili perc,2,2018-12-15,quantile,0.35,1.2245652156963966
2018-12-01,HHS Region 8,ili perc,2,2018-12-15,quantile,0.4,1.2607683806294345
2018-12-01,HHS Region 8,ili perc,2,2018-12-15,quantile,0.45,1.3013013656963965
2018-12-01,HHS Region 8,ili perc,2,2018-12-15,quantile,0.5,1.3383842156963968
2018-12-01,HHS Region 8,ili perc,2,2018-12-15,quantile,0.55,1.3809781114433037
2018-12-01,HHS Region 8,ili perc,2,2018-12-15,quantile,0.6,1.4160302156963964
2018-12-01,HHS Region 8,ili perc,2,2018-12-15,quantile,0.65,1.4646142156963964
2018-12-01,HHS Region 8,ili perc,2,2018-12-15,quantile,0.7,1.5368632671141522
2018-12-01,HHS Region 8,ili perc,2,2018-12-15,quantile,0.75,1.6157672156963965
2018-12-01,HHS Region 8,ili perc,2,2018-12-15,quantile,0.8,1.7158344698074501
2018-12-01,HHS Region 8,ili perc,2,2018-12-15,quantile,0.85,1.857493492694144
2018-12-01,HHS Region 8,ili perc,2,2018-12-15,quantile,0.9,2.2213874013813246
2018-12-01,HHS Region 8,ili perc,2,2018-12-15,quantile,0.95,2.641897973551952
2018-12-01,HHS Region 8,ili perc,2,2018-12-15,quantile,0.975,3.269555308839292
2018-12-01,HHS Region 8,ili perc,2,2018-12-15,quantile,0.99,6.419356253796055
2018-12-01,HHS Region 8,ili perc,3,2018-12-22,quantile,0.01,0
2018-12-01,HHS Region 8,ili perc,3,2018-12-22,quantile,0.025,0
2018-12-01,HHS Region 8,ili perc,3,2018-12-22,quantile,0.05,0.2457373005047848
2018-12-01,HHS Region 8,ili perc,3,2018-12-22,quantile,0.1,1.1669418984628286
2018-12-01,HHS Region 8,ili perc,3,2018-12-22,quantile,0.15,1.4062880623872045
2018-12-01,HHS Region 8,ili perc,3,2018-12-22,quantile,0.2,1.5917264982873445
2018-12-01,HHS Region 8,ili perc,3,2018-12-22,quantile,0.25,1.7108224656963964
2018-12-01,HHS Region 8,ili perc,3,2018-12-22,quantile,0.3,1.7631222156963964
2018-12-01,HHS Region 8,ili perc,3,2018-12-22,quantile,0.35,1.8015516445989725
2018-12-01,HHS Region 8,ili perc,3,2018-12-22,quantile,0.4,1.8589354011073105
2018-12-01,HHS Region 8,ili perc,3,2018-12-22,quantile,0.45,1.892485856762493
2018-12-01,HHS Region 8,ili perc,3,2018-12-22,quantile,0.5,1.9412140413670105
2018-12-01,HHS Region 8,ili perc,3,2018-12-22,quantile,0.55,1.9825612156963965
2018-12-01,HHS Region 8,ili perc,3,2018-12-22,quantile,0.6,2.0165502156963964
2018-12-01,HHS Region 8,ili perc,3,2018-12-22,quantile,0.65,2.0581857026713406
2018-12-01,HHS Region 8,ili perc,3,2018-12-22,quantile,0.7,2.1169432156963963
2018-12-01,HHS Region 8,ili perc,3,2018-12-22,quantile,0.75,2.1819531827757355
2018-12-01,HHS Region 8,ili perc,3,2018-12-22,quantile,0.8,2.2726508156963967
2018-12-01,HHS Region 8,ili perc,3,2018-12-22,quantile,0.85,2.4387647168483686
2018-12-01,HHS Region 8,ili perc,3,2018-12-22,quantile,0.9,2.7705769588074296
2018-12-01,HHS Region 8,ili perc,3,2018-12-22,quantile,0.95,3.199430905795513
2018-12-01,HHS Region 8,ili perc,3,2018-12-22,quantile,0.975,3.937857941412264
2018-12-01,HHS Region 8,ili perc,3,2018-12-22,quantile,0.99,4.924478615696397
2018-12-01,HHS Region 8,ili perc,4,2018-12-29,quantile,0.01,0
2018-12-01,HHS Region 8,ili perc,4,2018-12-29,quantile,0.025,0.4855739306146541
2018-12-01,HHS Region 8,ili perc,4,2018-12-29,quantile,0.05,0.9039133974094345
2018-12-01,HHS Region 8,ili perc,4,2018-12-29,quantile,0.1,1.6153205433796867
2018-12-01,HHS Region 8,ili perc,4,2018-12-29,quantile,0.15,1.9013173428919068
2018-12-01,HHS Region 8,ili perc,4,2018-12-29,quantile,0.2,2.1014882156963965
2018-12-01,HHS Region 8,ili perc,4,2018-12-29,quantile,0.25,2.2073982156963967
2018-12-01,HHS Region 8,ili perc,4,2018-12-29,quantile,0.3,2.2775529664631287
2018-12-01,HHS Region 8,ili perc,4,2018-12-29,quantile,0.35,2.3431119656963966
2018-12-01,HHS Region 8,ili perc,4,2018-12-29,quantile,0.4,2.3708869504411485
2018-12-01,HHS Region 8,ili perc,4,2018-12-29,quantile,0.45,2.409659706654793
2018-12-01,HHS Region 8,ili perc,4,2018-12-29,quantile,0.5,2.4467746352389015
2018-12-01,HHS Region 8,ili perc,4,2018-12-29,quantile,0.55,2.4891295875978363
2018-12-01,HHS Region 8,ili perc,4,2018-12-29,quantile,0.6,2.531733484953169
2018-12-01,HHS Region 8,ili perc,4,2018-12-29,quantile,0.65,2.5837401631246175
2018-12-01,HHS Region 8,ili perc,4,2018-12-29,quantile,0.7,2.650757815696397
2018-12-01,HHS Region 8,ili perc,4,2018-12-29,quantile,0.75,2.7350372156963965
2018-12-01,HHS Region 8,ili perc,4,2018-12-29,quantile,0.8,2.8699572156963966
2018-12-01,HHS Region 8,ili perc,4,2018-12-29,quantile,0.85,3.078424215696397
2018-12-01,HHS Region 8,ili perc,4,2018-12-29,quantile,0.9,3.3963762156963972
2018-12-01,HHS Region 8,ili perc,4,2018-12-29,quantile,0.95,3.8417052156963964
2018-12-01,HHS Region 8,ili perc,4,2018-12-29,quantile,0.975,4.578583724243642
2018-12-01,HHS Region 8,ili perc,4,2018-12-29,quantile,0.99,5.668763512927244
2018-12-01,HHS Region 9,ili perc,1,2018-12-08,quantile,0.01,0
2018-12-01,HHS Region 9,ili perc,1,2018-12-08,quantile,0.025,0
2018-12-01,HHS Region 9,ili perc,1,2018-12-08,quantile,0.05,0.8402785532165473
2018-12-01,HHS Region 9,ili perc,1,2018-12-08,quantile,0.1,1.4481460651773392
2018-12-01,HHS Region 9,ili perc,1,2018-12-08,quantile,0.15,1.8121897472114425
2018-12-01,HHS Region 9,ili perc,1,2018-12-08,quantile,0.2,2.040999772185937
2018-12-01,HHS Region 9,ili perc,1,2018-12-08,quantile,0.25,2.179829772185937
2018-12-01,HHS Region 9,ili perc,1,2018-12-08,quantile,0.3,2.2840197721859377
2018-12-01,HHS Region 9,ili perc,1,2018-12-08,quantile,0.35,2.3694422858613846
2018-12-01,HHS Region 9,ili perc,1,2018-12-08,quantile,0.4,2.4287197125232933
2018-12-01,HHS Region 9,ili perc,1,2018-12-08,quantile,0.45,2.5082297721859375
2018-12-01,HHS Region 9,ili perc,1,2018-12-08,quantile,0.5,2.595304719151957
2018-12-01,HHS Region 9,ili perc,1,2018-12-08,quantile,0.55,2.6393517721859374
2018-12-01,HHS Region 9,ili perc,1,2018-12-08,quantile,0.6,2.7370377721859374
2018-12-01,HHS Region 9,ili perc,1,2018-12-08,quantile,0.65,2.826786121801867
2018-12-01,HHS Region 9,ili perc,1,2018-12-08,quantile,0.7,2.8858397721859372
2018-12-01,HHS Region 9,ili perc,1,2018-12-08,quantile,0.75,3.1170997721859375
2018-12-01,HHS Region 9,ili perc,1,2018-12-08,quantile,0.8,3.3750159107991378
2018-12-01,HHS Region 9,ili perc,1,2018-12-08,quantile,0.85,3.5604323288651574
2018-12-01,HHS Region 9,ili perc,1,2018-12-08,quantile,0.9,4.038032527018645
2018-12-01,HHS Region 9,ili perc,1,2018-12-08,quantile,0.95,4.767177130068991
2018-12-01,HHS Region 9,ili perc,1,2018-12-08,quantile,0.975,5.52930557108634
2018-12-01,HHS Region 9,ili perc,1,2018-12-08,quantile,0.99,6.774947464910451
2018-12-01,HHS Region 9,ili perc,2,2018-12-15,quantile,0.01,0
2018-12-01,HHS Region 9,ili perc,2,2018-12-15,quantile,0.025,0.9498813838399501
2018-12-01,HHS Region 9,ili perc,2,2018-12-15,quantile,0.05,1.8586463711558503
2018-12-01,HHS Region 9,ili perc,2,2018-12-15,quantile,0.1,2.471324904614546
2018-12-01,HHS Region 9,ili perc,2,2018-12-15,quantile,0.15,2.7514130514537567
2018-12-01,HHS Region 9,ili perc,2,2018-12-15,quantile,0.2,3.008223772185937
2018-12-01,HHS Region 9,ili perc,2,2018-12-15,quantile,0.25,3.1524273261308187
2018-12-01,HHS Region 9,ili perc,2,2018-12-15,quantile,0.3,3.2631737721859375
2018-12-01,HHS Region 9,ili perc,2,2018-12-15,quantile,0.35,3.3244980973621976
2018-12-01,HHS Region 9,ili perc,2,2018-12-15,quantile,0.4,3.3803925039903175
2018-12-01,HHS Region 9,ili perc,2,2018-12-15,quantile,0.45,3.4636832721859374
2018-12-01,HHS Region 9,ili perc,2,2018-12-15,quantile,0.5,3.538489772185937
2018-12-01,HHS Region 9,ili perc,2,2018-12-15,quantile,0.55,3.6049117721859374
2018-12-01,HHS Region 9,ili perc,2,2018-12-15,quantile,0.6,3.662669772185937
2018-12-01,HHS Region 9,ili perc,2,2018-12-15,quantile,0.65,3.726159772185937
2018-12-01,HHS Region 9,ili perc,2,2018-12-15,quantile,0.7,3.8320297721859373
2018-12-01,HHS Region 9,ili perc,2,2018-12-15,quantile,0.75,4.054229772185938
2018-12-01,HHS Region 9,ili perc,2,2018-12-15,quantile,0.8,4.251697306535135
2018-12-01,HHS Region 9,ili perc,2,2018-12-15,quantile,0.85,4.495170996166131
2018-12-01,HHS Region 9,ili perc,2,2018-12-15,quantile,0.9,4.779187736401558
2018-12-01,HHS Region 9,ili perc,2,2018-12-15,quantile,0.95,5.7849166486265835
2018-12-01,HHS Region 9,ili perc,2,2018-12-15,quantile,0.975,6.494509871785837
2018-12-01,HHS Region 9,ili perc,2,2018-12-15,quantile,0.99,7.6429240291745275
2018-12-01,HHS Region 9,ili perc,3,2018-12-22,quantile,0.01,0
2018-12-01,HHS Region 9,ili perc,3,2018-12-22,quantile,0.025,2.5109710221859376
2018-12-01,HHS Region 9,ili perc,3,2018-12-22,quantile,0.05,3.1314494997765774
2018-12-01,HHS Region 9,ili perc,3,2018-12-22,quantile,0.1,3.732583474648469
2018-12-01,HHS Region 9,ili perc,3,2018-12-22,quantile,0.15,4.033319915349031
2018-12-01,HHS Region 9,ili perc,3,2018-12-22,quantile,0.2,4.210592954887506
2018-12-01,HHS Region 9,ili perc,3,2018-12-22,quantile,0.25,4.329323177445779
2018-12-01,HHS Region 9,ili perc,3,2018-12-22,quantile,0.3,4.436596766078059
2018-12-01,HHS Region 9,ili perc,3,2018-12-22,quantile,0.35,4.523569772185938
2018-12-01,HHS Region 9,ili perc,3,2018-12-22,quantile,0.4,4.579333772185937
2018-12-01,HHS Region 9,ili perc,3,2018-12-22,quantile,0.45,4.646309772185937
2018-12-01,HHS Region 9,ili perc,3,2018-12-22,quantile,0.5,4.735414719151957
2018-12-01,HHS Region 9,ili perc,3,2018-12-22,quantile,0.55,4.795078772185938
2018-12-01,HHS Region 9,ili perc,3,2018-12-22,quantile,0.6,4.857289772185937
2018-12-01,HHS Region 9,ili perc,3,2018-12-22,quantile,0.65,4.930588044733497
2018-12-01,HHS Region 9,ili perc,3,2018-12-22,quantile,0.7,5.024959018506888
2018-12-01,HHS Region 9,ili perc,3,2018-12-22,quantile,0.75,5.2235297721859375
2018-12-01,HHS Region 9,ili perc,3,2018-12-22,quantile,0.8,5.446135153077858
2018-12-01,HHS Region 9,ili perc,3,2018-12-22,quantile,0.85,5.670149812569102
2018-12-01,HHS Region 9,ili perc,3,2018-12-22,quantile,0.9,5.998629799444188
2018-12-01,HHS Region 9,ili perc,3,2018-12-22,quantile,0.95,6.688763471623999
2018-12-01,HHS Region 9,ili perc,3,2018-12-22,quantile,0.975,8.214213592237197
2018-12-01,HHS Region 9,ili perc,3,2018-12-22,quantile,0.99,9.009126902976835
2018-12-01,HHS Region 9,ili perc,4,2018-12-29,quantile,0.01,2.863266939552638
2018-12-01,HHS Region 9,ili perc,4,2018-12-29,quantile,0.025,4.099624704391741
2018-12-01,HHS Region 9,ili perc,4,2018-12-29,quantile,0.05,5.207912265061346
2018-12-01,HHS Region 9,ili perc,4,2018-12-29,quantile,0.1,5.768795907095262
2018-12-01,HHS Region 9,ili perc,4,2018-12-29,quantile,0.15,6.079584789142102
2018-12-01,HHS Region 9,ili perc,4,2018-12-29,quantile,0.2,6.345539772185937
2018-12-01,HHS Region 9,ili perc,4,2018-12-29,quantile,0.25,6.505549772185937
2018-12-01,HHS Region 9,ili perc,4,2018-12-29,quantile,0.3,6.634795786013194
2018-12-01,HHS Region 9,ili perc,4,2018-12-29,quantile,0.35,6.701169772185937
2018-12-01,HHS Region 9,ili perc,4,2018-12-29,quantile,0.4,6.744749953195077
2018-12-01,HHS Region 9,ili perc,4,2018-12-29,quantile,0.45,6.817304289591167
2018-12-01,HHS Region 9,ili perc,4,2018-12-29,quantile,0.5,6.920984772185937
2018-12-01,HHS Region 9,ili perc,4,2018-12-29,quantile,0.55,6.968889772185937
2018-12-01,HHS Region 9,ili perc,4,2018-12-29,quantile,0.6,7.039789772185936
2018-12-01,HHS Region 9,ili perc,4,2018-12-29,quantile,0.65,7.145022526186187
2018-12-01,HHS Region 9,ili perc,4,2018-12-29,quantile,0.7,7.23054929677998
2018-12-01,HHS Region 9,ili perc,4,2018-12-29,quantile,0.75,7.463387417421609
2018-12-01,HHS Region 9,ili perc,4,2018-12-29,quantile,0.8,7.69124884262389
2018-12-01,HHS Region 9,ili perc,4,2018-12-29,quantile,0.85,7.952174393042069
2018-12-01,HHS Region 9,ili perc,4,2018-12-29,quantile,0.9,8.335239772185945
2018-12-01,HHS Region 9,ili perc,4,2018-12-29,quantile,0.95,9.050542583899915
2018-12-01,HHS Region 9,ili perc,4,2018-12-29,quantile,0.975,9.956594696053447
2018-12-01,HHS Region 9,ili perc,4,2018-12-29,quantile,0.99,11.02101051252366
2018-12-01,US National,ili perc,1,2018-12-08,quantile,0.01,0
2018-12-01,US National,ili perc,1,2018-12-08,quantile,0.025,0.07676695455338622
2018-12-01,US National,ili perc,1,2018-12-08,quantile,0.05,0.875059670352156
2018-12-01,US National,ili perc,1,2018-12-08,quantile,0.1,1.8212364643550962
2018-12-01,US National,ili perc,1,2018-12-08,quantile,0.15,2.0721569545533858
2018-12-01,US National,ili perc,1,2018-12-08,quantile,0.2,2.2724426750557503
2018-12-01,US National,ili perc,1,2018-12-08,quantile,0.25,2.3495669545533864
2018-12-01,US National,ili perc,1,2018-12-08,quantile,0.3,2.4081469545533865
2018-12-01,US National,ili perc,1,2018-12-08,quantile,0.35,2.4418879545533865
2018-12-01,US National,ili perc,1,2018-12-08,quantile,0.4,2.481656954553386
2018-12-01,US National,ili perc,1,2018-12-08,quantile,0.45,2.5029269545533865
2018-12-01,US National,ili perc,1,2018-12-08,quantile,0.5,2.5324469545533868
2018-12-01,US National,ili perc,1,2018-12-08,quantile,0.55,2.5726499545533863
2018-12-01,US National,ili perc,1,2018-12-08,quantile,0.6,2.603896014880719
2018-12-01,US National,ili perc,1,2018-12-08,quantile,0.65,2.693454383883638
2018-12-01,US National,ili perc,1,2018-12-08,quantile,0.7,2.7690500592538405
2018-12-01,US National,ili perc,1,2018-12-08,quantile,0.75,2.8390954191795963
2018-12-01,US National,ili perc,1,2018-12-08,quantile,0.8,2.973721673366928
2018-12-01,US National,ili perc,1,2018-12-08,quantile,0.85,3.1584319908958216
2018-12-01,US National,ili perc,1,2018-12-08,quantile,0.9,3.7218899545533874
2018-12-01,US National,ili perc,1,2018-12-08,quantile,0.95,4.642368263737374
2018-12-01,US National,ili perc,1,2018-12-08,quantile,0.975,5.3046934545533855
2018-12-01,US National,ili perc,1,2018-12-08,quantile,0.99,6.484806954553386
2018-12-01,US National,ili perc,2,2018-12-15,quantile,0.01,0
2018-12-01,US National,ili perc,2,2018-12-15,quantile,0.025,0.7421513437083771
2018-12-01,US National,ili perc,2,2018-12-15,quantile,0.05,1.4886269545533861
2018-12-01,US National,ili perc,2,2018-12-15,quantile,0.1,2.605432819159831
2018-12-01,US National,ili perc,2,2018-12-15,quantile,0.15,2.854410848336985
2018-12-01,US National,ili perc,2,2018-12-15,quantile,0.2,3.0212198318955985
2018-12-01,US National,ili perc,2,2018-12-15,quantile,0.25,3.095048232583506
2018-12-01,US National,ili perc,2,2018-12-15,quantile,0.3,3.151661662184029
2018-12-01,US National,ili perc,2,2018-12-15,quantile,0.35,3.209336954553386
2018-12-01,US National,ili perc,2,2018-12-15,quantile,0.4,3.238416954553386
2018-12-01,US National,ili perc,2,2018-12-15,quantile,0.45,3.272096554553386
2018-12-01,US National,ili perc,2,2018-12-15,quantile,0.5,3.303842648383946
2018-12-01,US National,ili perc,2,2018-12-15,quantile,0.55,3.3474199045533863
2018-12-01,US National,ili perc,2,2018-12-15,quantile,0.6,3.378627482840984
2018-12-01,US National,ili perc,2,2018-12-15,quantile,0.65,3.4433420596092845
2018-12-01,US National,ili perc,2,2018-12-15,quantile,0.7,3.5362610606930276
2018-12-01,US National,ili perc,2,2018-12-15,quantile,0.75,3.624202954553386
2018-12-01,US National,ili perc,2,2018-12-15,quantile,0.8,3.7473396234313188
2018-12-01,US National,ili perc,2,2018-12-15,quantile,0.85,4.060424253999966
2018-12-01,US National,ili perc,2,2018-12-15,quantile,0.9,4.504689954553387
2018-12-01,US National,ili perc,2,2018-12-15,quantile,0.95,5.425168263737374
2018-12-01,US National,ili perc,2,2018-12-15,quantile,0.975,6.127136954553387
2018-12-01,US National,ili perc,2,2018-12-15,quantile,0.99,8.377748861254428
2018-12-01,US National,ili perc,3,2018-12-22,quantile,0.01,0
2018-12-01,US National,ili perc,3,2018-12-22,quantile,0.025,0.9889406670398557
2018-12-01,US National,ili perc,3,2018-12-22,quantile,0.05,2.2213318217338136
2018-12-01,US National,ili perc,3,2018-12-22,quantile,0.1,3.823894532255996
2018-12-01,US National,ili perc,3,2018-12-22,quantile,0.15,4.176977630120108
2018-12-01,US National,ili perc,3,2018-12-22,quantile,0.2,4.370807647104127
2018-12-01,US National,ili perc,3,2018-12-22,quantile,0.25,4.463376954553386
2018-12-01,US National,ili perc,3,2018-12-22,quantile,0.3,4.518613346910067
2018-12-01,US National,ili perc,3,2018-12-22,quantile,0.35,4.571826954553386
2018-12-01,US National,ili perc,3,2018-12-22,quantile,0.4,4.605609117884145
2018-12-01,US National,ili perc,3,2018-12-22,quantile,0.45,4.646776954553386
2018-12-01,US National,ili perc,3,2018-12-22,quantile,0.5,4.676422454553386
2018-12-01,US National,ili perc,3,2018-12-22,quantile,0.55,4.703912678525989
2018-12-01,US National,ili perc,3,2018-12-22,quantile,0.6,4.748729254964936
2018-12-01,US National,ili perc,3,2018-12-22,quantile,0.65,4.814389714752111
2018-12-01,US National,ili perc,3,2018-12-22,quantile,0.7,4.901851060693027
2018-12-01,US National,ili perc,3,2018-12-22,quantile,0.75,4.988070954553386
2018-12-01,US National,ili perc,3,2018-12-22,quantile,0.8,5.149186954553386
2018-12-01,US National,ili perc,3,2018-12-22,quantile,0.85,5.3452655091420835
2018-12-01,US National,ili perc,3,2018-12-22,quantile,0.9,5.756813338069906
2018-12-01,US National,ili perc,3,2018-12-22,quantile,0.95,6.680328954553382
2018-12-01,US National,ili perc,3,2018-12-22,quantile,0.975,7.452066954553386
2018-12-01,US National,ili perc,3,2018-12-22,quantile,0.99,8.35847997105541
2018-12-01,US National,ili perc,4,2018-12-29,quantile,0.01,1.96639974472624
2018-12-01,US National,ili perc,4,2018-12-29,quantile,0.025,3.1080667045533863
2018-12-01,US National,ili perc,4,2018-12-29,quantile,0.05,4.191561404349017
2018-12-01,US National,ili perc,4,2018-12-29,quantile,0.1,4.952026954553387
2018-12-01,US National,ili perc,4,2018-12-29,quantile,0.15,5.198606954553386
2018-12-01,US National,ili perc,4,2018-12-29,quantile,0.2,5.391645261913242
2018-12-01,US National,ili perc,4,2018-12-29,quantile,0.25,5.44441529267049
2018-12-01,US National,ili perc,4,2018-12-29,quantile,0.3,5.51310300426139
2018-12-01,US National,ili perc,4,2018-12-29,quantile,0.35,5.562609197467394
2018-12-01,US National,ili perc,4,2018-12-29,quantile,0.4,5.595442666650037
2018-12-01,US National,ili perc,4,2018-12-29,quantile,0.45,5.6253999545533855
2018-12-01,US National,ili perc,4,2018-12-29,quantile,0.5,5.659596954553386
2018-12-01,US National,ili perc,4,2018-12-29,quantile,0.55,5.691269904553387
2018-12-01,US National,ili perc,4,2018-12-29,quantile,0.6,5.723870954553387
2018-12-01,US National,ili perc,4,2018-12-29,quantile,0.65,5.788876954553387
2018-12-01,US National,ili perc,4,2018-12-29,quantile,0.7,5.863332324824077
2018-12-01,US National,ili perc,4,2018-12-29,quantile,0.75,5.964659070709939
2018-12-01,US National,ili perc,4,2018-12-29,quantile,0.8,6.104303388330917
2018-12-01,US National,ili perc,4,2018-12-29,quantile,0.85,6.4570669545533885
2018-12-01,US National,ili perc,4,2018-12-29,quantile,0.9,6.840555391694406
2018-12-01,US National,ili perc,4,2018-12-29,quantile,0.95,7.932755690317927
2018-12-01,US National,ili perc,4,2018-12-29,quantile,0.975,8.741481620581169
2018-12-01,US National,ili perc,4,2018-12-29,quantile,0.99,10.716819412717467
